date,hijri,day,fajr,fajr_iqamah,sunrise,dhuhr,dhuhr_iqamah,asr,asr_iqamah,maghrib,maghrib_iqamah,isha,isha_iqamah
1/1/2026,RJB 12,Thursday,6:07 AM,6:30 AM,7:27 AM,12:15 PM,1:30 PM,2:42 PM,3:15 PM,5:00 PM,5:07 PM,6:20 PM,8:00 PM
1/2/2026,RJB 13,Friday,6:07 AM,6:30 AM,7:27 AM,12:16 PM,1:30 PM,2:43 PM,3:15 PM,5:01 PM,5:08 PM,6:20 PM,8:00 PM
1/3/2026,RJB 14,Saturday,6:07 AM,6:30 AM,7:27 AM,12:16 PM,1:30 PM,2:44 PM,3:15 PM,5:02 PM,5:09 PM,6:21 PM,8:00 PM
1/4/2026,RJB 15,Sunday,6:07 AM,6:30 AM,7:27 AM,12:17 PM,1:30 PM,2:45 PM,3:15 PM,5:02 PM,5:09 PM,6:22 PM,8:00 PM
1/5/2026,RJB 16,Monday,6:07 AM,6:30 AM,7:27 AM,12:17 PM,1:30 PM,2:46 PM,3:15 PM,5:03 PM,5:10 PM,6:23 PM,8:00 PM
1/6/2026,RJB 17,Tuesday,6:08 AM,6:30 AM,7:27 AM,12:17 PM,1:30 PM,2:46 PM,3:15 PM,5:04 PM,5:11 PM,6:24 PM,8:00 PM
1/7/2026,RJB 18,Wednesday,6:08 AM,6:30 AM,7:27 AM,12:18 PM,1:30 PM,2:47 PM,3:15 PM,5:05 PM,5:12 PM,6:24 PM,8:00 PM
1/8/2026,RJB 19,Thursday,6:08 AM,6:30 AM,7:27 AM,12:18 PM,1:30 PM,2:48 PM,3:15 PM,5:06 PM,5:13 PM,6:25 PM,8:00 PM
1/9/2026,RJB 20,Friday,6:08 AM,6:30 AM,7:26 AM,12:19 PM,1:30 PM,2:49 PM,3:15 PM,5:07 PM,5:14 PM,6:26 PM,8:00 PM
1/10/2026,RJB 21,Saturday,6:07 AM,6:30 AM,7:26 AM,12:19 PM,1:30 PM,2:50 PM,3:15 PM,5:08 PM,5:15 PM,6:27 PM,8:00 PM
1/11/2026,RJB 22,Sunday,6:07 AM,6:30 AM,7:26 AM,12:20 PM,1:30 PM,2:51 PM,3:15 PM,5:09 PM,5:16 PM,6:28 PM,8:00 PM
1/12/2026,RJB 23,Monday,6:07 AM,6:30 AM,7:26 AM,12:20 PM,1:30 PM,2:52 PM,3:15 PM,5:10 PM,5:17 PM,6:29 PM,8:00 PM
1/13/2026,RJB 24,Tuesday,6:07 AM,6:30 AM,7:26 AM,12:20 PM,1:30 PM,2:53 PM,3:15 PM,5:11 PM,5:18 PM,6:30 PM,8:00 PM
1/14/2026,RJB 25,Wednesday,6:07 AM,6:30 AM,7:25 AM,12:21 PM,1:30 PM,2:54 PM,3:15 PM,5:12 PM,5:19 PM,6:31 PM,8:00 PM
1/15/2026,RJB 26,Thursday,6:07 AM,6:30 AM,7:25 AM,12:21 PM,1:30 PM,2:55 PM,3:15 PM,5:13 PM,5:20 PM,6:32 PM,8:00 PM
1/16/2026,RJB 27,Friday,6:06 AM,6:30 AM,7:25 AM,12:21 PM,1:30 PM,2:56 PM,3:15 PM,5:14 PM,5:21 PM,6:33 PM,8:00 PM
1/17/2026,RJB 28,Saturday,6:06 AM,6:30 AM,7:24 AM,12:22 PM,1:30 PM,2:57 PM,3:15 PM,5:16 PM,5:23 PM,6:34 PM,8:00 PM
1/18/2026,RJB 29,Sunday,6:06 AM,6:30 AM,7:24 AM,12:22 PM,1:30 PM,2:58 PM,3:15 PM,5:17 PM,5:24 PM,6:35 PM,8:00 PM
1/19/2026,RJB 30,Monday,6:05 AM,6:30 AM,7:23 AM,12:22 PM,1:30 PM,2:59 PM,3:15 PM,5:18 PM,5:25 PM,6:36 PM,8:00 PM
1/20/2026,SBN 1,Tuesday,6:05 AM,6:30 AM,7:23 AM,12:23 PM,1:30 PM,3:00 PM,3:15 PM,5:19 PM,5:26 PM,6:36 PM,8:00 PM
1/21/2026,SBN 2,Wednesday,6:05 AM,6:30 AM,7:22 AM,12:23 PM,1:30 PM,3:01 PM,3:15 PM,5:20 PM,5:27 PM,6:37 PM,8:00 PM
1/22/2026,SBN 3,Thursday,6:04 AM,6:30 AM,7:21 AM,12:23 PM,1:30 PM,3:02 PM,3:15 PM,5:21 PM,5:28 PM,6:38 PM,8:00 PM
1/23/2026,SBN 4,Friday,6:04 AM,6:30 AM,7:21 AM,12:23 PM,1:30 PM,3:03 PM,3:15 PM,5:22 PM,5:29 PM,6:39 PM,8:00 PM
1/24/2026,SBN 5,Saturday,6:03 AM,6:30 AM,7:20 AM,12:24 PM,1:30 PM,3:04 PM,3:15 PM,5:23 PM,5:30 PM,6:40 PM,8:00 PM
1/25/2026,SBN 6,Sunday,6:03 AM,6:30 AM,7:20 AM,12:24 PM,1:30 PM,3:05 PM,3:30 PM,5:25 PM,5:32 PM,6:41 PM,8:00 PM
1/26/2026,SBN 7,Monday,6:02 AM,6:30 AM,7:19 AM,12:24 PM,1:30 PM,3:06 PM,3:30 PM,5:26 PM,5:33 PM,6:43 PM,8:00 PM
1/27/2026,SBN 8,Tuesday,6:02 AM,6:30 AM,7:18 AM,12:24 PM,1:30 PM,3:07 PM,3:30 PM,5:27 PM,5:34 PM,6:44 PM,8:00 PM
1/28/2026,SBN 9,Wednesday,6:01 AM,6:30 AM,7:17 AM,12:24 PM,1:30 PM,3:08 PM,3:30 PM,5:28 PM,5:35 PM,6:45 PM,8:00 PM
1/29/2026,SBN 10,Thursday,6:00 AM,6:30 AM,7:17 AM,12:25 PM,1:30 PM,3:09 PM,3:30 PM,5:29 PM,5:36 PM,6:46 PM,8:00 PM
1/30/2026,SBN 11,Friday,6:00 AM,6:30 AM,7:16 AM,12:25 PM,1:30 PM,3:10 PM,3:30 PM,5:30 PM,5:37 PM,6:47 PM,8:00 PM
1/31/2026,SBN 12,Saturday,5:59 AM,6:30 AM,7:15 AM,12:25 PM,1:30 PM,3:11 PM,3:30 PM,5:32 PM,5:39 PM,6:48 PM,8:00 PM
2/1/2026,SBN 13,Sunday,5:58 AM,6:30 AM,7:14 AM,12:25 PM,1:30 PM,3:12 PM,3:30 PM,5:33 PM,5:40 PM,6:49 PM,8:00 PM
2/2/2026,SBN 14,Monday,5:57 AM,6:30 AM,7:13 AM,12:25 PM,1:30 PM,3:13 PM,3:30 PM,5:34 PM,5:41 PM,6:50 PM,8:00 PM
2/3/2026,SBN 15,Tuesday,5:56 AM,6:30 AM,7:12 AM,12:25 PM,1:30 PM,3:14 PM,3:30 PM,5:35 PM,5:42 PM,6:51 PM,8:00 PM
2/4/2026,SBN 16,Wednesday,5:56 AM,6:30 AM,7:11 AM,12:25 PM,1:30 PM,3:15 PM,3:30 PM,5:36 PM,5:43 PM,6:52 PM,8:00 PM
2/5/2026,SBN 17,Thursday,5:55 AM,6:30 AM,7:10 AM,12:26 PM,1:30 PM,3:16 PM,3:30 PM,5:37 PM,5:44 PM,6:53 PM,8:00 PM
2/6/2026,SBN 18,Friday,5:54 AM,6:30 AM,7:09 AM,12:26 PM,1:30 PM,3:17 PM,3:30 PM,5:39 PM,5:46 PM,6:54 PM,8:00 PM
2/7/2026,SBN 19,Saturday,5:53 AM,6:30 AM,7:08 AM,12:26 PM,1:30 PM,3:17 PM,3:30 PM,5:40 PM,5:47 PM,6:55 PM,8:00 PM
2/8/2026,SBN 20,Sunday,5:52 AM,6:15 AM,7:07 AM,12:26 PM,1:30 PM,3:18 PM,3:45 PM,5:41 PM,5:48 PM,6:56 PM,8:00 PM
2/9/2026,SBN 21,Monday,5:51 AM,6:15 AM,7:06 AM,12:26 PM,1:30 PM,3:19 PM,3:45 PM,5:42 PM,5:49 PM,6:57 PM,8:00 PM
2/10/2026,SBN 22,Tuesday,5:50 AM,6:15 AM,7:05 AM,12:26 PM,1:30 PM,3:20 PM,3:45 PM,5:43 PM,5:50 PM,6:58 PM,8:00 PM
2/11/2026,SBN 23,Wednesday,5:49 AM,6:15 AM,7:04 AM,12:26 PM,1:30 PM,3:21 PM,3:45 PM,5:44 PM,5:51 PM,6:59 PM,8:00 PM
2/12/2026,SBN 24,Thursday,5:48 AM,6:15 AM,7:02 AM,12:26 PM,1:30 PM,3:22 PM,3:45 PM,5:45 PM,5:52 PM,7:00 PM,8:00 PM
2/13/2026,SBN 25,Friday,5:47 AM,6:15 AM,7:01 AM,12:26 PM,1:30 PM,3:23 PM,3:45 PM,5:47 PM,5:54 PM,7:01 PM,8:00 PM
2/14/2026,SBN 26,Saturday,5:46 AM,6:15 AM,7:00 AM,12:26 PM,1:30 PM,3:24 PM,3:45 PM,5:48 PM,5:55 PM,7:02 PM,8:00 PM
2/15/2026,SBN 27,Sunday,5:45 AM,6:15 AM,6:59 AM,12:26 PM,1:30 PM,3:25 PM,3:45 PM,5:49 PM,5:56 PM,7:03 PM,8:00 PM
2/16/2026,SBN 28,Monday,5:44 AM,6:15 AM,6:58 AM,12:26 PM,1:30 PM,3:25 PM,3:45 PM,5:50 PM,5:57 PM,7:04 PM,8:00 PM
2/17/2026,SBN 29,Tuesday,5:42 AM,6:15 AM,6:56 AM,12:25 PM,1:30 PM,3:26 PM,3:45 PM,5:51 PM,5:58 PM,7:05 PM,8:00 PM
2/18/2026,RMDN 1,Wednesday,5:41 AM,6:06 AM,6:55 AM,12:25 PM,1:30 PM,3:27 PM,4:00 PM,5:52 PM,6:02 PM,7:06 PM,8:00 PM
2/19/2026,RMDN 2,Thursday,5:40 AM,6:05 AM,6:54 AM,12:25 PM,1:30 PM,3:28 PM,4:00 PM,5:53 PM,6:03 PM,7:07 PM,8:00 PM
2/20/2026,RMDN 3,Friday,5:39 AM,6:04 AM,6:52 AM,12:25 PM,1:30 PM,3:29 PM,4:00 PM,5:54 PM,6:04 PM,7:08 PM,8:00 PM
2/21/2026,RMDN 4,Saturday,5:38 AM,6:03 AM,6:51 AM,12:25 PM,1:30 PM,3:29 PM,4:00 PM,5:56 PM,6:06 PM,7:09 PM,8:00 PM
2/22/2026,RMDN 5,Sunday,5:36 AM,6:01 AM,6:50 AM,12:25 PM,1:30 PM,3:30 PM,4:00 PM,5:57 PM,6:07 PM,7:10 PM,8:00 PM
2/23/2026,RMDN 6,Monday,5:35 AM,6:00 AM,6:48 AM,12:25 PM,1:30 PM,3:31 PM,4:00 PM,5:58 PM,6:08 PM,7:11 PM,8:00 PM
2/24/2026,RMDN 7,Tuesday,5:34 AM,5:59 AM,6:47 AM,12:25 PM,1:30 PM,3:32 PM,4:00 PM,5:59 PM,6:09 PM,7:12 PM,8:00 PM
2/25/2026,RMDN 8,Wednesday,5:32 AM,5:57 AM,6:46 AM,12:24 PM,1:30 PM,3:33 PM,4:00 PM,6:00 PM,6:10 PM,7:13 PM,8:00 PM
2/26/2026,RMDN 9,Thursday,5:31 AM,5:56 AM,6:44 AM,12:24 PM,1:30 PM,3:33 PM,4:00 PM,6:01 PM,6:11 PM,7:14 PM,8:00 PM
2/27/2026,RMDN 10,Friday,5:30 AM,5:55 AM,6:43 AM,12:24 PM,1:30 PM,3:34 PM,4:00 PM,6:02 PM,6:12 PM,7:15 PM,8:00 PM
2/28/2026,RMDN 11,Saturday,5:28 AM,5:53 AM,6:41 AM,12:24 PM,1:30 PM,3:35 PM,4:00 PM,6:03 PM,6:13 PM,7:16 PM,8:00 PM
3/1/2026,RMDN 12,Sunday,5:27 AM,5:52 AM,6:40 AM,12:24 PM,1:30 PM,3:35 PM,4:00 PM,6:04 PM,6:14 PM,7:18 PM,8:00 PM
3/2/2026,RMDN 13,Monday,5:25 AM,5:50 AM,6:38 AM,12:24 PM,1:30 PM,3:36 PM,4:00 PM,6:05 PM,6:15 PM,7:19 PM,8:00 PM
3/3/2026,RMDN 14,Tuesday,5:24 AM,5:49 AM,6:37 AM,12:23 PM,1:30 PM,3:37 PM,4:00 PM,6:06 PM,6:16 PM,7:20 PM,8:00 PM
3/4/2026,RMDN 15,Wednesday,5:22 AM,5:47 AM,6:36 AM,12:23 PM,1:30 PM,3:37 PM,4:00 PM,6:07 PM,6:17 PM,7:21 PM,8:00 PM
3/5/2026,RMDN 16,Thursday,5:21 AM,5:46 AM,6:34 AM,12:23 PM,1:30 PM,3:38 PM,4:00 PM,6:08 PM,6:18 PM,7:22 PM,8:00 PM
3/6/2026,RMDN 17,Friday,5:20 AM,5:45 AM,6:33 AM,12:23 PM,1:30 PM,3:39 PM,4:00 PM,6:09 PM,6:19 PM,7:23 PM,8:00 PM
3/7/2026,RMDN 18,Saturday,5:18 AM,5:43 AM,6:31 AM,12:22 PM,1:30 PM,3:39 PM,4:00 PM,6:11 PM,6:21 PM,7:24 PM,8:00 PM
3/8/2026,RMDN 19,Sunday,6:16 AM,6:41 AM,7:30 AM,1:22 PM,1:30 PM,4:40 PM,5:15 PM,7:12 PM,7:22 PM,8:25 PM,9:00 PM
3/9/2026,RMDN 20,Monday,6:15 AM,6:40 AM,7:28 AM,1:22 PM,1:30 PM,4:40 PM,5:15 PM,7:13 PM,7:23 PM,8:26 PM,9:00 PM
3/10/2026,RMDN 21,Tuesday,6:13 AM,6:33 AM,7:26 AM,1:22 PM,1:30 PM,4:40 PM,5:15 PM,7:14 PM,7:24 PM,8:27 PM,9:00 PM
3/11/2026,RMDN 22,Wednesday,6:12 AM,6:32 AM,7:25 AM,1:22 PM,1:30 PM,4:41 PM,5:15 PM,7:15 PM,7:25 PM,8:28 PM,9:00 PM
3/12/2026,RMDN 23,Thursday,6:10 AM,6:30 AM,7:23 AM,1:21 PM,1:30 PM,4:41 PM,5:15 PM,7:16 PM,7:26 PM,8:29 PM,9:00 PM
3/13/2026,RMDN 24,Friday,6:09 AM,6:29 AM,7:22 AM,1:21 PM,1:30 PM,4:42 PM,5:15 PM,7:17 PM,7:27 PM,8:30 PM,9:00 PM
3/14/2026,RMDN 25,Saturday,6:07 AM,6:27 AM,7:20 AM,1:21 PM,1:30 PM,4:43 PM,5:15 PM,7:18 PM,7:28 PM,8:31 PM,9:00 PM
3/15/2026,RMDN 26,Sunday,6:06 AM,6:26 AM,7:19 AM,1:21 PM,1:30 PM,4:43 PM,5:15 PM,7:19 PM,7:29 PM,8:32 PM,9:00 PM
3/16/2026,RMDN 27,Monday,6:04 AM,6:24 AM,7:17 AM,1:20 PM,1:30 PM,4:44 PM,5:15 PM,7:20 PM,7:30 PM,8:33 PM,9:00 PM
3/17/2026,RMDN 28,Tuesday,6:02 AM,6:22 AM,7:16 AM,1:20 PM,1:30 PM,4:44 PM,5:15 PM,7:21 PM,7:31 PM,8:34 PM,9:00 PM
3/18/2026,RMDN 29,Wednesday,6:01 AM,6:21 AM,7:14 AM,1:19 PM,1:30 PM,4:45 PM,5:15 PM,7:22 PM,7:32 PM,8:35 PM,9:00 PM
3/19/2026,RMDN 30,Thursday,5:59 AM,6:19 AM,7:12 AM,1:19 PM,1:30 PM,4:45 PM,5:15 PM,7:23 PM,7:33 PM,8:36 PM,9:00 PM
3/20/2026,SWL 1,Friday,5:57 AM,6:15 AM,7:11 AM,1:19 PM,1:30 PM,4:46 PM,5:15 PM,7:24 PM,7:31 PM,8:37 PM,9:00 PM
3/21/2026,SWL 2,Saturday,5:56 AM,6:15 AM,7:09 AM,1:19 PM,1:30 PM,4:46 PM,5:15 PM,7:25 PM,7:32 PM,8:38 PM,9:00 PM
3/22/2026,SWL 3,Sunday,5:54 AM,6:15 AM,7:08 AM,1:18 PM,1:30 PM,4:47 PM,5:15 PM,7:26 PM,7:33 PM,8:39 PM,9:00 PM
3/23/2026,SWL 4,Monday,5:52 AM,6:15 AM,7:06 AM,1:18 PM,1:30 PM,4:47 PM,5:15 PM,7:28 PM,7:34 PM,8:40 PM,9:00 PM
3/24/2026,SWL 5,Tuesday,5:51 AM,6:15 AM,7:05 AM,1:18 PM,1:30 PM,4:48 PM,5:15 PM,7:28 PM,7:35 PM,8:42 PM,9:00 PM
3/25/2026,SWL 6,Wednesday,5:49 AM,6:15 AM,7:03 AM,1:17 PM,1:30 PM,4:48 PM,5:15 PM,7:29 PM,7:36 PM,8:44 PM,9:00 PM
3/26/2026,SWL 7,Thursday,5:47 AM,6:15 AM,7:01 AM,1:17 PM,1:30 PM,4:49 PM,5:15 PM,7:30 PM,7:37 PM,8:45 PM,9:00 PM
3/27/2026,SWL 8,Friday,5:46 AM,6:15 AM,7:00 AM,1:17 PM,1:30 PM,4:49 PM,5:15 PM,7:31 PM,7:38 PM,8:46 PM,9:00 PM
3/28/2026,SWL 9,Saturday,5:44 AM,6:15 AM,6:58 AM,1:17 PM,1:30 PM,4:49 PM,5:15 PM,7:32 PM,7:39 PM,8:47 PM,9:00 PM
3/29/2026,SWL 10,Sunday,5:42 AM,6:00 AM,6:57 AM,1:16 PM,1:30 PM,4:50 PM,5:15 PM,7:33 PM,7:40 PM,8:48 PM,9:00 PM
3/30/2026,SWL 11,Monday,5:41 AM,6:00 AM,6:55 AM,1:16 PM,1:30 PM,4:50 PM,5:15 PM,7:34 PM,7:41 PM,8:49 PM,9:00 PM
3/31/2026,SWL 12,Tuesday,5:39 AM,6:00 AM,6:54 AM,1:16 PM,1:30 PM,4:50 PM,5:15 PM,7:34 PM,7:41 PM,8:49 PM,9:00 PM
4/1/2026,SWL 13,Wednesday,5:37 AM,6:00 AM,6:52 AM,1:15 PM,1:30 PM,4:51 PM,5:15 PM,7:35 PM,7:42 PM,8:50 PM,9:00 PM
4/2/2026,SWL 14,Thursday,5:35 AM,6:00 AM,6:50 AM,1:15 PM,1:30 PM,4:51 PM,5:15 PM,7:36 PM,7:43 PM,8:52 PM,9:00 PM
4/3/2026,SWL 15,Friday,5:34 AM,6:00 AM,6:49 AM,1:15 PM,1:30 PM,4:51 PM,5:15 PM,7:37 PM,7:44 PM,8:53 PM,9:00 PM
4/4/2026,SWL 16,Saturday,5:32 AM,6:00 AM,6:47 AM,1:14 PM,1:30 PM,4:52 PM,5:15 PM,7:38 PM,7:45 PM,8:54 PM,9:00 PM
4/5/2026,SWL 17,Sunday,5:30 AM,6:00 AM,6:46 AM,1:14 PM,1:30 PM,4:52 PM,5:15 PM,7:39 PM,7:46 PM,8:55 PM,9:15 PM
4/6/2026,SWL 18,Monday,5:29 AM,6:00 AM,6:44 AM,1:14 PM,1:30 PM,4:52 PM,5:15 PM,7:40 PM,7:47 PM,8:56 PM,9:15 PM
4/7/2026,SWL 19,Tuesday,5:27 AM,6:00 AM,6:43 AM,1:14 PM,1:30 PM,4:52 PM,5:15 PM,7:41 PM,7:48 PM,8:57 PM,9:15 PM
4/8/2026,SWL 20,Wednesday,5:25 AM,6:00 AM,6:41 AM,1:14 PM,1:30 PM,4:53 PM,5:15 PM,7:42 PM,7:49 PM,8:58 PM,9:15 PM
4/9/2026,SWL 21,Thursday,5:23 AM,6:00 AM,6:40 AM,1:13 PM,1:30 PM,4:53 PM,5:15 PM,7:43 PM,7:50 PM,9:00 PM,9:15 PM
4/10/2026,SWL 22,Friday,5:22 AM,6:00 AM,6:38 AM,1:13 PM,1:30 PM,4:53 PM,5:15 PM,7:44 PM,7:51 PM,9:01 PM,9:15 PM
4/11/2026,SWL 23,Saturday,5:20 AM,6:00 AM,6:37 AM,1:13 PM,1:30 PM,4:54 PM,5:15 PM,7:45 PM,7:52 PM,9:02 PM,9:15 PM
4/12/2026,SWL 24,Sunday,5:18 AM,5:45 AM,6:35 AM,1:13 PM,1:30 PM,4:54 PM,5:15 PM,7:46 PM,7:53 PM,9:03 PM,9:15 PM
4/13/2026,SWL 25,Monday,5:17 AM,5:45 AM,6:34 AM,1:12 PM,1:30 PM,4:54 PM,5:15 PM,7:47 PM,7:54 PM,9:04 PM,9:15 PM
4/14/2026,SWL 26,Tuesday,5:15 AM,5:45 AM,6:32 AM,1:12 PM,1:30 PM,4:54 PM,5:15 PM,7:48 PM,7:55 PM,9:06 PM,9:15 PM
4/15/2026,SWL 27,Wednesday,5:13 AM,5:45 AM,6:31 AM,1:12 PM,1:30 PM,4:55 PM,5:15 PM,7:49 PM,7:56 PM,9:07 PM,9:15 PM
4/16/2026,SWL 28,Thursday,5:11 AM,5:45 AM,6:29 AM,1:11 PM,1:30 PM,4:55 PM,5:15 PM,7:50 PM,7:57 PM,9:08 PM,9:15 PM
4/17/2026,SWL 29,Friday,5:10 AM,5:45 AM,6:28 AM,1:11 PM,1:30 PM,4:55 PM,5:15 PM,7:51 PM,7:58 PM,9:09 PM,9:15 PM
4/18/2026,D-QAD 1,Saturday,5:08 AM,5:45 AM,6:26 AM,1:11 PM,1:30 PM,4:56 PM,5:15 PM,7:52 PM,7:59 PM,9:11 PM,9:15 PM
4/19/2026,D-QAD 2,Sunday,5:06 AM,5:30 AM,6:25 AM,1:10 PM,1:30 PM,4:56 PM,5:15 PM,7:53 PM,8:00 PM,9:12 PM,9:30 PM
4/20/2026,D-QAD 3,Monday,5:05 AM,5:30 AM,6:24 AM,1:10 PM,1:30 PM,4:56 PM,5:15 PM,7:54 PM,8:01 PM,9:13 PM,9:30 PM
4/21/2026,D-QAD 4,Tuesday,5:03 AM,5:30 AM,6:22 AM,1:10 PM,1:30 PM,4:57 PM,5:15 PM,7:55 PM,8:02 PM,9:14 PM,9:30 PM
4/22/2026,D-QAD 5,Wednesday,5:01 AM,5:30 AM,6:21 AM,1:10 PM,1:30 PM,4:57 PM,5:15 PM,7:56 PM,8:03 PM,9:16 PM,9:30 PM
4/23/2026,D-QAD 6,Thursday,5:00 AM,5:30 AM,6:20 AM,1:09 PM,1:30 PM,4:57 PM,5:15 PM,7:57 PM,8:04 PM,9:17 PM,9:30 PM
4/24/2026,D-QAD 7,Friday,4:58 AM,5:30 AM,6:18 AM,1:09 PM,1:30 PM,4:57 PM,5:15 PM,7:58 PM,8:05 PM,9:18 PM,9:30 PM
4/25/2026,D-QAD 8,Saturday,4:57 AM,5:15 AM,6:17 AM,1:09 PM,1:30 PM,4:58 PM,5:15 PM,7:59 PM,8:06 PM,9:19 PM,9:30 PM
4/26/2026,D-QAD 9,Sunday,4:55 AM,5:15 AM,6:16 AM,1:09 PM,1:30 PM,4:58 PM,5:15 PM,8:00 PM,8:07 PM,9:21 PM,9:30 PM
4/27/2026,D-QAD 10,Monday,4:53 AM,5:15 AM,6:14 AM,1:09 PM,1:30 PM,4:58 PM,5:15 PM,8:01 PM,8:08 PM,9:22 PM,9:30 PM
4/28/2026,D-QAD 11,Tuesday,4:52 AM,5:15 AM,6:13 AM,1:09 PM,1:30 PM,4:58 PM,5:15 PM,8:02 PM,8:09 PM,9:23 PM,9:30 PM
4/29/2026,D-QAD 12,Wednesday,4:50 AM,5:15 AM,6:12 AM,1:09 PM,1:30 PM,4:58 PM,5:15 PM,8:03 PM,8:10 PM,9:24 PM,9:30 PM
4/30/2026,D-QAD 13,Thursday,4:49 AM,5:15 AM,6:11 AM,1:09 PM,1:30 PM,4:58 PM,5:15 PM,8:04 PM,8:11 PM,9:26 PM,9:30 PM
5/1/2026,D-QAD 14,Friday,4:47 AM,5:15 AM,6:09 AM,1:09 PM,1:30 PM,4:59 PM,5:15 PM,8:04 PM,8:11 PM,9:27 PM,9:30 PM
5/2/2026,D-QAD 15,Saturday,4:46 AM,5:15 AM,6:08 AM,1:08 PM,1:30 PM,4:59 PM,5:15 PM,8:05 PM,8:12 PM,9:28 PM,9:45 PM
5/3/2026,D-QAD 16,Sunday,4:44 AM,5:15 AM,6:07 AM,1:08 PM,1:30 PM,4:59 PM,5:15 PM,8:06 PM,8:13 PM,9:30 PM,9:45 PM
5/4/2026,D-QAD 17,Monday,4:43 AM,5:15 AM,6:06 AM,1:08 PM,1:30 PM,4:59 PM,5:15 PM,8:07 PM,8:14 PM,9:31 PM,9:45 PM
5/5/2026,D-QAD 18,Tuesday,4:41 AM,5:15 AM,6:05 AM,1:08 PM,1:30 PM,4:59 PM,5:15 PM,8:08 PM,8:15 PM,9:32 PM,9:45 PM
5/6/2026,D-QAD 19,Wednesday,4:40 AM,5:15 AM,6:04 AM,1:08 PM,1:30 PM,4:59 PM,5:15 PM,8:09 PM,8:16 PM,9:34 PM,9:45 PM
5/7/2026,D-QAD 20,Thursday,4:38 AM,5:15 AM,6:02 AM,1:08 PM,1:30 PM,4:59 PM,5:15 PM,8:10 PM,8:17 PM,9:35 PM,9:45 PM
5/8/2026,D-QAD 21,Friday,4:37 AM,5:15 AM,6:01 AM,1:08 PM,1:30 PM,5:00 PM,5:15 PM,8:11 PM,8:18 PM,9:36 PM,9:45 PM
5/9/2026,D-QAD 22,Saturday,4:36 AM,5:15 AM,6:00 AM,1:08 PM,1:30 PM,5:00 PM,5:15 PM,8:12 PM,8:19 PM,9:37 PM,9:45 PM
5/10/2026,D-QAD 23,Sunday,4:34 AM,5:00 AM,5:59 AM,1:08 PM,1:30 PM,5:00 PM,5:15 PM,8:13 PM,8:20 PM,9:39 PM,10:00 PM
5/11/2026,D-QAD 24,Monday,4:33 AM,5:00 AM,5:58 AM,1:08 PM,1:30 PM,5:01 PM,5:15 PM,8:14 PM,8:21 PM,9:40 PM,10:00 PM
5/12/2026,D-QAD 25,Tuesday,4:31 AM,5:00 AM,5:57 AM,1:08 PM,1:30 PM,5:01 PM,5:15 PM,8:15 PM,8:22 PM,9:41 PM,10:00 PM
5/13/2026,D-QAD 26,Wednesday,4:30 AM,5:00 AM,5:56 AM,1:08 PM,1:30 PM,5:01 PM,5:15 PM,8:16 PM,8:23 PM,9:42 PM,10:00 PM
5/14/2026,D-QAD 27,Thursday,4:29 AM,5:00 AM,5:55 AM,1:08 PM,1:30 PM,5:01 PM,5:15 PM,8:17 PM,8:24 PM,9:44 PM,10:00 PM
5/15/2026,D-QAD 28,Friday,4:28 AM,5:00 AM,5:55 AM,1:08 PM,1:30 PM,5:01 PM,5:15 PM,8:18 PM,8:25 PM,9:45 PM,10:00 PM
5/16/2026,D-QAD 29,Saturday,4:26 AM,5:00 AM,5:54 AM,1:08 PM,1:30 PM,5:02 PM,5:15 PM,8:19 PM,8:26 PM,9:46 PM,10:00 PM
5/17/2026,D-QAD 30,Sunday,4:25 AM,5:00 AM,5:53 AM,1:08 PM,1:30 PM,5:02 PM,5:15 PM,8:20 PM,8:27 PM,9:47 PM,10:00 PM
5/18/2026,D-HAJ 1,Monday,4:24 AM,5:00 AM,5:52 AM,1:08 PM,1:30 PM,5:02 PM,5:30 PM,8:20 PM,8:27 PM,9:49 PM,10:00 PM
5/19/2026,D-HAJ 2,Tuesday,4:23 AM,5:00 AM,5:51 AM,1:08 PM,1:30 PM,5:02 PM,5:30 PM,8:21 PM,8:28 PM,9:50 PM,10:00 PM
5/20/2026,D-HAJ 3,Wednesday,4:22 AM,5:00 AM,5:51 AM,1:08 PM,1:30 PM,5:03 PM,5:30 PM,8:22 PM,8:29 PM,9:51 PM,10:00 PM
5/21/2026,D-HAJ 4,Thursday,4:21 AM,5:00 AM,5:50 AM,1:08 PM,1:30 PM,5:03 PM,5:30 PM,8:23 PM,8:30 PM,9:52 PM,10:00 PM
5/22/2026,D-HAJ 5,Friday,4:20 AM,5:00 AM,5:49 AM,1:08 PM,1:30 PM,5:03 PM,5:30 PM,8:24 PM,8:31 PM,9:53 PM,10:00 PM
5/23/2026,D-HAJ 6,Saturday,4:19 AM,5:00 AM,5:48 AM,1:08 PM,1:30 PM,5:03 PM,5:30 PM,8:25 PM,8:32 PM,9:55 PM,10:00 PM
5/24/2026,D-HAJ 7,Sunday,4:18 AM,5:00 AM,5:48 AM,1:08 PM,1:30 PM,5:03 PM,5:30 PM,8:26 PM,8:33 PM,9:56 PM,10:15 PM
5/25/2026,D-HAJ 8,Monday,4:17 AM,5:00 AM,5:47 AM,1:08 PM,1:30 PM,5:04 PM,5:30 PM,8:26 PM,8:33 PM,9:57 PM,10:15 PM
5/26/2026,D-HAJ 9,Tuesday,4:16 AM,5:00 AM,5:47 AM,1:09 PM,1:30 PM,5:04 PM,5:30 PM,8:27 PM,8:34 PM,9:58 PM,10:15 PM
5/27/2026,D-HAJ 10,Wednesday,4:15 AM,5:00 AM,5:46 AM,1:09 PM,1:30 PM,5:04 PM,5:30 PM,8:28 PM,8:35 PM,9:59 PM,10:15 PM
5/28/2026,D-HAJ 11,Thursday,4:14 AM,5:00 AM,5:45 AM,1:09 PM,1:30 PM,5:05 PM,5:30 PM,8:29 PM,8:36 PM,10:00 PM,10:15 PM
5/29/2026,D-HAJ 12,Friday,4:13 AM,5:00 AM,5:45 AM,1:09 PM,1:30 PM,5:05 PM,5:30 PM,8:29 PM,8:36 PM,10:01 PM,10:15 PM
5/30/2026,D-HAJ 13,Saturday,4:13 AM,5:00 AM,5:44 AM,1:09 PM,1:30 PM,5:05 PM,5:30 PM,8:30 PM,8:37 PM,10:02 PM,10:15 PM
5/31/2026,D-HAJ 14,Sunday,4:12 AM,5:00 AM,5:44 AM,1:09 PM,1:30 PM,5:05 PM,5:30 PM,8:31 PM,8:38 PM,10:03 PM,10:15 PM
6/1/2026,D-HAJ 15,Monday,4:11 AM,5:00 AM,5:44 AM,1:09 PM,1:30 PM,5:06 PM,5:30 PM,8:32 PM,8:39 PM,10:04 PM,10:15 PM
6/2/2026,D-HAJ 16,Tuesday,4:11 AM,5:00 AM,5:43 AM,1:10 PM,1:30 PM,5:06 PM,5:30 PM,8:32 PM,8:39 PM,10:05 PM,10:15 PM
6/3/2026,D-HAJ 17,Wednesday,4:10 AM,5:00 AM,5:43 AM,1:10 PM,1:30 PM,5:06 PM,5:30 PM,8:33 PM,8:40 PM,10:06 PM,10:15 PM
6/4/2026,D-HAJ 18,Thursday,4:10 AM,5:00 AM,5:43 AM,1:10 PM,1:30 PM,5:06 PM,5:30 PM,8:34 PM,8:41 PM,10:07 PM,10:15 PM
6/5/2026,D-HAJ 19,Friday,4:09 AM,5:00 AM,5:42 AM,1:10 PM,1:30 PM,5:07 PM,5:30 PM,8:34 PM,8:41 PM,10:08 PM,10:15 PM
6/6/2026,D-HAJ 20,Saturday,4:09 AM,5:00 AM,5:42 AM,1:10 PM,1:30 PM,5:07 PM,5:30 PM,8:35 PM,8:42 PM,10:08 PM,10:15 PM
6/7/2026,D-HAJ 21,Sunday,4:08 AM,5:00 AM,5:42 AM,1:10 PM,1:30 PM,5:07 PM,5:30 PM,8:35 PM,8:42 PM,10:09 PM,10:15 PM
6/8/2026,D-HAJ 22,Monday,4:08 AM,5:00 AM,5:42 AM,1:11 PM,1:30 PM,5:07 PM,5:30 PM,8:36 PM,8:43 PM,10:10 PM,10:15 PM
6/9/2026,D-HAJ 23,Tuesday,4:07 AM,5:00 AM,5:41 AM,1:11 PM,1:30 PM,5:07 PM,5:30 PM,8:36 PM,8:43 PM,10:11 PM,10:15 PM
6/10/2026,D-HAJ 24,Wednesday,4:07 AM,5:00 AM,5:41 AM,1:11 PM,1:30 PM,5:08 PM,5:30 PM,8:37 PM,8:44 PM,10:11 PM,10:15 PM
6/11/2026,D-HAJ 25,Thursday,4:07 AM,5:00 AM,5:41 AM,1:11 PM,1:30 PM,5:08 PM,5:30 PM,8:37 PM,8:44 PM,10:12 PM,10:15 PM
6/12/2026,D-HAJ 26,Friday,4:07 AM,5:00 AM,5:41 AM,1:11 PM,1:30 PM,5:08 PM,5:30 PM,8:38 PM,8:45 PM,10:13 PM,10:15 PM
6/13/2026,D-HAJ 27,Saturday,4:06 AM,5:00 AM,5:41 AM,1:12 PM,1:30 PM,5:08 PM,5:30 PM,8:38 PM,8:45 PM,10:13 PM,10:15 PM
6/14/2026,D-HAJ 28,Sunday,4:06 AM,5:00 AM,5:41 AM,1:12 PM,1:30 PM,5:09 PM,5:30 PM,8:39 PM,8:46 PM,10:14 PM,10:20 PM
6/15/2026,D-HAJ 29,Monday,4:06 AM,5:00 AM,5:41 AM,1:12 PM,1:30 PM,5:09 PM,5:30 PM,8:39 PM,8:46 PM,10:14 PM,10:20 PM
6/16/2026,MHM 1,Tuesday,4:06 AM,5:00 AM,5:41 AM,1:12 PM,1:30 PM,5:09 PM,5:30 PM,8:39 PM,8:46 PM,10:14 PM,10:20 PM
6/17/2026,MHM 2,Wednesday,4:06 AM,5:00 AM,5:41 AM,1:13 PM,1:30 PM,5:09 PM,5:30 PM,8:40 PM,8:47 PM,10:15 PM,10:20 PM
6/18/2026,MHM 3,Thursday,4:06 AM,5:00 AM,5:41 AM,1:13 PM,1:30 PM,5:09 PM,5:30 PM,8:40 PM,8:47 PM,10:15 PM,10:20 PM
6/19/2026,MHM 4,Friday,4:06 AM,5:00 AM,5:42 AM,1:13 PM,1:30 PM,5:10 PM,5:30 PM,8:40 PM,8:47 PM,10:16 PM,10:20 PM
6/20/2026,MHM 5,Saturday,4:07 AM,5:00 AM,5:42 AM,1:13 PM,1:30 PM,5:10 PM,5:30 PM,8:41 PM,8:48 PM,10:16 PM,10:20 PM
6/21/2026,MHM 6,Sunday,4:07 AM,5:00 AM,5:42 AM,1:13 PM,1:30 PM,5:10 PM,5:30 PM,8:41 PM,8:48 PM,10:16 PM,10:20 PM
6/22/2026,MHM 7,Monday,4:07 AM,5:00 AM,5:42 AM,1:14 PM,1:30 PM,5:10 PM,5:30 PM,8:41 PM,8:48 PM,10:16 PM,10:20 PM
6/23/2026,MHM 8,Tuesday,4:07 AM,5:00 AM,5:42 AM,1:14 PM,1:30 PM,5:11 PM,5:30 PM,8:41 PM,8:48 PM,10:16 PM,10:20 PM
6/24/2026,MHM 9,Wednesday,4:08 AM,5:00 AM,5:43 AM,1:14 PM,1:30 PM,5:11 PM,5:30 PM,8:41 PM,8:48 PM,10:16 PM,10:20 PM
6/25/2026,MHM 10,Thursday,4:08 AM,5:00 AM,5:43 AM,1:14 PM,1:30 PM,5:11 PM,5:30 PM,8:41 PM,8:48 PM,10:16 PM,10:20 PM
6/26/2026,MHM 11,Friday,4:08 AM,5:00 AM,5:43 AM,1:14 PM,1:30 PM,5:11 PM,5:30 PM,8:41 PM,8:48 PM,10:16 PM,10:20 PM
6/27/2026,MHM 12,Saturday,4:09 AM,5:00 AM,5:44 AM,1:15 PM,1:30 PM,5:11 PM,5:30 PM,8:41 PM,8:48 PM,10:16 PM,10:20 PM
6/28/2026,MHM 13,Sunday,4:09 AM,5:00 AM,5:44 AM,1:15 PM,1:30 PM,5:11 PM,5:30 PM,8:41 PM,8:48 PM,10:16 PM,10:20 PM
6/29/2026,MHM 14,Monday,4:10 AM,5:00 AM,5:45 AM,1:15 PM,1:30 PM,5:11 PM,5:30 PM,8:41 PM,8:48 PM,10:16 PM,10:20 PM
6/30/2026,MHM 15,Tuesday,4:10 AM,5:00 AM,5:45 AM,1:15 PM,1:30 PM,5:12 PM,5:30 PM,8:41 PM,8:48 PM,10:16 PM,10:20 PM
7/1/2026,MHM 16,Wednesday,4:11 AM,5:00 AM,5:46 AM,1:15 PM,1:30 PM,5:12 PM,5:30 PM,8:41 PM,8:48 PM,10:16 PM,10:20 PM
7/2/2026,MHM 17,Thursday,4:12 AM,5:00 AM,5:46 AM,1:16 PM,1:30 PM,5:12 PM,5:30 PM,8:41 PM,8:48 PM,10:15 PM,10:20 PM
7/3/2026,MHM 18,Friday,4:12 AM,5:00 AM,5:47 AM,1:16 PM,1:30 PM,5:12 PM,5:30 PM,8:41 PM,8:48 PM,10:15 PM,10:20 PM
7/4/2026,MHM 19,Saturday,4:13 AM,5:00 AM,5:47 AM,1:16 PM,1:30 PM,5:12 PM,5:30 PM,8:41 PM,8:48 PM,10:14 PM,10:20 PM
7/5/2026,MHM 20,Sunday,4:14 AM,5:00 AM,5:48 AM,1:16 PM,1:30 PM,5:12 PM,5:30 PM,8:41 PM,8:48 PM,10:14 PM,10:15 PM
7/6/2026,MHM 21,Monday,4:15 AM,5:00 AM,5:48 AM,1:16 PM,1:30 PM,5:12 PM,5:30 PM,8:40 PM,8:47 PM,10:14 PM,10:15 PM
7/7/2026,MHM 22,Tuesday,4:15 AM,5:00 AM,5:49 AM,1:17 PM,1:30 PM,5:12 PM,5:30 PM,8:40 PM,8:47 PM,10:13 PM,10:15 PM
7/8/2026,MHM 23,Wednesday,4:16 AM,5:00 AM,5:49 AM,1:17 PM,1:30 PM,5:12 PM,5:30 PM,8:40 PM,8:47 PM,10:13 PM,10:15 PM
7/9/2026,MHM 24,Thursday,4:17 AM,5:00 AM,5:50 AM,1:17 PM,1:30 PM,5:12 PM,5:30 PM,8:39 PM,8:46 PM,10:12 PM,10:15 PM
7/10/2026,MHM 25,Friday,4:18 AM,5:00 AM,5:51 AM,1:17 PM,1:30 PM,5:12 PM,5:30 PM,8:39 PM,8:46 PM,10:11 PM,10:15 PM
7/11/2026,MHM 26,Saturday,4:19 AM,5:00 AM,5:51 AM,1:17 PM,1:30 PM,5:12 PM,5:30 PM,8:39 PM,8:46 PM,10:11 PM,10:15 PM
7/12/2026,MHM 27,Sunday,4:20 AM,5:00 AM,5:52 AM,1:17 PM,1:30 PM,5:12 PM,5:30 PM,8:38 PM,8:45 PM,10:10 PM,10:15 PM
7/13/2026,MHM 28,Monday,4:21 AM,5:00 AM,5:53 AM,1:17 PM,1:30 PM,5:12 PM,5:30 PM,8:38 PM,8:45 PM,10:09 PM,10:15 PM
7/14/2026,MHM 29,Tuesday,4:22 AM,5:00 AM,5:53 AM,1:17 PM,1:30 PM,5:12 PM,5:30 PM,8:37 PM,8:44 PM,10:08 PM,10:15 PM
7/15/2026,SFR 1,Wednesday,4:23 AM,5:00 AM,5:54 AM,1:18 PM,1:30 PM,5:12 PM,5:30 PM,8:37 PM,8:44 PM,10:07 PM,10:15 PM
7/16/2026,SFR 2,Thursday,4:24 AM,5:00 AM,5:55 AM,1:18 PM,1:30 PM,5:12 PM,5:30 PM,8:36 PM,8:43 PM,10:07 PM,10:15 PM
7/17/2026,SFR 3,Friday,4:25 AM,5:00 AM,5:56 AM,1:18 PM,1:30 PM,5:12 PM,5:30 PM,8:35 PM,8:42 PM,10:06 PM,10:15 PM
7/18/2026,SFR 4,Saturday,4:26 AM,5:00 AM,5:56 AM,1:18 PM,1:30 PM,5:12 PM,5:30 PM,8:35 PM,8:42 PM,10:05 PM,10:15 PM
7/19/2026,SFR 5,Sunday,4:27 AM,5:15 AM,5:57 AM,1:18 PM,1:30 PM,5:12 PM,5:30 PM,8:34 PM,8:41 PM,10:04 PM,10:15 PM
7/20/2026,SFR 6,Monday,4:28 AM,5:15 AM,5:58 AM,1:18 PM,1:30 PM,5:12 PM,5:30 PM,8:33 PM,8:40 PM,10:03 PM,10:15 PM
7/21/2026,SFR 7,Tuesday,4:29 AM,5:15 AM,5:59 AM,1:18 PM,1:30 PM,5:12 PM,5:30 PM,8:33 PM,8:40 PM,10:02 PM,10:15 PM
7/22/2026,SFR 8,Wednesday,4:31 AM,5:15 AM,6:00 AM,1:18 PM,1:30 PM,5:12 PM,5:30 PM,8:32 PM,8:39 PM,10:01 PM,10:15 PM
7/23/2026,SFR 9,Thursday,4:32 AM,5:15 AM,6:00 AM,1:18 PM,1:30 PM,5:12 PM,5:30 PM,8:31 PM,8:38 PM,9:59 PM,10:15 PM
7/24/2026,SFR 10,Friday,4:33 AM,5:15 AM,6:01 AM,1:18 PM,1:30 PM,5:11 PM,5:30 PM,8:30 PM,8:37 PM,9:58 PM,10:15 PM
7/25/2026,SFR 11,Saturday,4:34 AM,5:15 AM,6:02 AM,1:18 PM,1:30 PM,5:11 PM,5:30 PM,8:29 PM,8:36 PM,9:57 PM,10:15 PM
7/26/2026,SFR 12,Sunday,4:35 AM,5:15 AM,6:03 AM,1:18 PM,1:30 PM,5:11 PM,5:30 PM,8:29 PM,8:36 PM,9:56 PM,10:00 PM
7/27/2026,SFR 13,Monday,4:36 AM,5:15 AM,6:04 AM,1:18 PM,1:30 PM,5:11 PM,5:30 PM,8:28 PM,8:35 PM,9:55 PM,10:00 PM
7/28/2026,SFR 14,Tuesday,4:38 AM,5:15 AM,6:05 AM,1:18 PM,1:30 PM,5:10 PM,5:30 PM,8:27 PM,8:34 PM,9:53 PM,10:00 PM
7/29/2026,SFR 15,Wednesday,4:39 AM,5:15 AM,6:06 AM,1:18 PM,1:30 PM,5:10 PM,5:30 PM,8:26 PM,8:33 PM,9:52 PM,10:00 PM
7/30/2026,SFR 16,Thursday,4:40 AM,5:15 AM,6:06 AM,1:18 PM,1:30 PM,5:10 PM,5:30 PM,8:25 PM,8:32 PM,9:51 PM,10:00 PM
7/31/2026,SFR 17,Friday,4:41 AM,5:15 AM,6:07 AM,1:18 PM,1:30 PM,5:10 PM,5:30 PM,8:24 PM,8:31 PM,9:50 PM,10:00 PM
8/1/2026,SFR 18,Saturday,4:43 AM,5:15 AM,6:08 AM,1:18 PM,1:30 PM,5:09 PM,5:30 PM,8:23 PM,8:30 PM,9:48 PM,10:00 PM
8/2/2026,SFR 19,Sunday,4:44 AM,5:15 AM,6:09 AM,1:18 PM,1:30 PM,5:09 PM,5:30 PM,8:22 PM,8:29 PM,9:47 PM,10:00 PM
8/3/2026,SFR 20,Monday,4:45 AM,5:15 AM,6:10 AM,1:18 PM,1:30 PM,5:09 PM,5:30 PM,8:21 PM,8:28 PM,9:45 PM,10:00 PM
8/4/2026,SFR 21,Tuesday,4:46 AM,5:15 AM,6:11 AM,1:18 PM,1:30 PM,5:08 PM,5:30 PM,8:20 PM,8:27 PM,9:44 PM,10:00 PM
8/5/2026,SFR 22,Wednesday,4:48 AM,5:15 AM,6:12 AM,1:18 PM,1:30 PM,5:08 PM,5:30 PM,8:19 PM,8:26 PM,9:43 PM,10:00 PM
8/6/2026,SFR 23,Thursday,4:49 AM,5:15 AM,6:13 AM,1:17 PM,1:30 PM,5:07 PM,5:30 PM,8:17 PM,8:24 PM,9:41 PM,10:00 PM
8/7/2026,SFR 24,Friday,4:50 AM,5:15 AM,6:14 AM,1:17 PM,1:30 PM,5:07 PM,5:30 PM,8:16 PM,8:23 PM,9:40 PM,10:00 PM
8/8/2026,SFR 25,Saturday,4:51 AM,5:15 AM,6:15 AM,1:17 PM,1:30 PM,5:07 PM,5:30 PM,8:15 PM,8:22 PM,9:38 PM,10:00 PM
8/9/2026,SFR 26,Sunday,4:52 AM,5:30 AM,6:15 AM,1:17 PM,1:30 PM,5:06 PM,5:30 PM,8:14 PM,8:21 PM,9:37 PM,9:45 PM
8/10/2026,SFR 27,Monday,4:54 AM,5:30 AM,6:16 AM,1:17 PM,1:30 PM,5:06 PM,5:30 PM,8:13 PM,8:20 PM,9:35 PM,9:45 PM
8/11/2026,SFR 28,Tuesday,4:55 AM,5:30 AM,6:17 AM,1:17 PM,1:30 PM,5:05 PM,5:30 PM,8:11 PM,8:18 PM,9:33 PM,9:45 PM
8/12/2026,SFR 29,Wednesday,4:56 AM,5:30 AM,6:18 AM,1:17 PM,1:30 PM,5:05 PM,5:30 PM,8:10 PM,8:17 PM,9:32 PM,9:45 PM
8/13/2026,SFR 30,Thursday,4:57 AM,5:30 AM,6:19 AM,1:16 PM,1:30 PM,5:04 PM,5:30 PM,8:09 PM,8:16 PM,9:30 PM,9:45 PM
8/14/2026,RAW 1,Friday,4:59 AM,5:30 AM,6:20 AM,1:16 PM,1:30 PM,5:03 PM,5:30 PM,8:08 PM,8:15 PM,9:29 PM,9:45 PM
8/15/2026,RAW 2,Saturday,5:00 AM,5:30 AM,6:21 AM,1:16 PM,1:30 PM,5:03 PM,5:30 PM,8:06 PM,8:13 PM,9:27 PM,9:45 PM
8/16/2026,RAW 3,Sunday,5:01 AM,5:30 AM,6:22 AM,1:16 PM,1:30 PM,5:02 PM,5:30 PM,8:05 PM,8:12 PM,9:25 PM,9:45 PM
8/17/2026,RAW 4,Monday,5:02 AM,5:30 AM,6:23 AM,1:16 PM,1:30 PM,5:02 PM,5:30 PM,8:04 PM,8:11 PM,9:24 PM,9:45 PM
8/18/2026,RAW 5,Tuesday,5:03 AM,5:30 AM,6:24 AM,1:15 PM,1:30 PM,5:01 PM,5:30 PM,8:02 PM,8:09 PM,9:22 PM,9:45 PM
8/19/2026,RAW 6,Wednesday,5:05 AM,5:30 AM,6:25 AM,1:15 PM,1:30 PM,5:00 PM,5:30 PM,8:01 PM,8:08 PM,9:21 PM,9:30 PM
8/20/2026,RAW 7,Thursday,5:06 AM,5:30 AM,6:26 AM,1:15 PM,1:30 PM,5:00 PM,5:30 PM,8:00 PM,8:07 PM,9:19 PM,9:30 PM
8/21/2026,RAW 8,Friday,5:07 AM,5:30 AM,6:26 AM,1:15 PM,1:30 PM,4:59 PM,5:30 PM,7:58 PM,8:05 PM,9:17 PM,9:30 PM
8/22/2026,RAW 9,Saturday,5:08 AM,5:30 AM,6:27 AM,1:14 PM,1:30 PM,4:58 PM,5:15 PM,7:57 PM,8:04 PM,9:15 PM,9:30 PM
8/23/2026,RAW 10,Sunday,5:09 AM,5:45 AM,6:28 AM,1:14 PM,1:30 PM,4:58 PM,5:15 PM,7:55 PM,8:02 PM,9:14 PM,9:30 PM
8/24/2026,RAW 11,Monday,5:11 AM,5:45 AM,6:29 AM,1:14 PM,1:30 PM,4:57 PM,5:15 PM,7:54 PM,8:01 PM,9:12 PM,9:30 PM
8/25/2026,RAW 12,Tuesday,5:12 AM,5:45 AM,6:30 AM,1:14 PM,1:30 PM,4:56 PM,5:15 PM,7:52 PM,7:59 PM,9:10 PM,9:30 PM
8/26/2026,RAW 13,Wednesday,5:13 AM,5:45 AM,6:31 AM,1:13 PM,1:30 PM,4:55 PM,5:15 PM,7:51 PM,7:58 PM,9:09 PM,9:30 PM
8/27/2026,RAW 14,Thursday,5:14 AM,5:45 AM,6:32 AM,1:13 PM,1:30 PM,4:54 PM,5:15 PM,7:49 PM,7:56 PM,9:07 PM,9:30 PM
8/28/2026,RAW 15,Friday,5:15 AM,5:45 AM,6:33 AM,1:13 PM,1:30 PM,4:54 PM,5:15 PM,7:48 PM,7:55 PM,9:05 PM,9:15 PM
8/29/2026,RAW 16,Saturday,5:16 AM,5:45 AM,6:34 AM,1:12 PM,1:30 PM,4:53 PM,5:15 PM,7:46 PM,7:53 PM,9:03 PM,9:15 PM
8/30/2026,RAW 17,Sunday,5:17 AM,5:45 AM,6:35 AM,1:12 PM,1:30 PM,4:52 PM,5:15 PM,7:45 PM,7:52 PM,9:02 PM,9:15 PM
8/31/2026,RAW 18,Monday,5:19 AM,5:45 AM,6:35 AM,1:12 PM,1:30 PM,4:51 PM,5:15 PM,7:43 PM,7:50 PM,9:00 PM,9:15 PM
9/1/2026,RAW 19,Tuesday,5:20 AM,5:45 AM,6:36 AM,1:11 PM,1:30 PM,4:50 PM,5:15 PM,7:42 PM,7:49 PM,8:58 PM,9:15 PM
9/2/2026,RAW 20,Wednesday,5:21 AM,5:45 AM,6:37 AM,1:11 PM,1:30 PM,4:49 PM,5:15 PM,7:40 PM,7:47 PM,8:57 PM,9:15 PM
9/3/2026,RAW 21,Thursday,5:22 AM,5:45 AM,6:38 AM,1:11 PM,1:30 PM,4:49 PM,5:15 PM,7:39 PM,7:46 PM,8:55 PM,9:15 PM
9/4/2026,RAW 22,Friday,5:23 AM,5:45 AM,6:39 AM,1:10 PM,1:30 PM,4:48 PM,5:15 PM,7:37 PM,7:44 PM,8:53 PM,9:15 PM
9/5/2026,RAW 23,Saturday,5:24 AM,5:45 AM,6:40 AM,1:10 PM,1:30 PM,4:47 PM,5:15 PM,7:36 PM,7:43 PM,8:51 PM,9:15 PM
9/6/2026,RAW 24,Sunday,5:25 AM,6:00 AM,6:41 AM,1:10 PM,1:30 PM,4:46 PM,5:15 PM,7:34 PM,7:41 PM,8:50 PM,9:00 PM
9/7/2026,RAW 25,Monday,5:26 AM,6:00 AM,6:42 AM,1:09 PM,1:30 PM,4:45 PM,5:15 PM,7:33 PM,7:40 PM,8:48 PM,9:00 PM
9/8/2026,RAW 26,Tuesday,5:27 AM,6:00 AM,6:43 AM,1:09 PM,1:30 PM,4:44 PM,5:15 PM,7:31 PM,7:38 PM,8:46 PM,9:00 PM
9/9/2026,RAW 27,Wednesday,5:28 AM,6:00 AM,6:44 AM,1:09 PM,1:30 PM,4:43 PM,5:15 PM,7:29 PM,7:36 PM,8:44 PM,9:00 PM
9/10/2026,RAW 28,Thursday,5:29 AM,6:00 AM,6:44 AM,1:08 PM,1:30 PM,4:42 PM,5:15 PM,7:28 PM,7:35 PM,8:43 PM,9:00 PM
9/11/2026,RAW 29,Friday,5:30 AM,6:00 AM,6:45 AM,1:08 PM,1:30 PM,4:41 PM,5:15 PM,7:26 PM,7:33 PM,8:41 PM,9:00 PM
9/12/2026,RTH 1,Saturday,5:31 AM,6:00 AM,6:46 AM,1:08 PM,1:30 PM,4:40 PM,5:00 PM,7:25 PM,7:32 PM,8:39 PM,8:45 PM
9/13/2026,RTH 2,Sunday,5:33 AM,6:00 AM,6:47 AM,1:07 PM,1:30 PM,4:39 PM,5:00 PM,7:23 PM,7:30 PM,8:37 PM,8:45 PM
9/14/2026,RTH 3,Monday,5:34 AM,6:00 AM,6:48 AM,1:07 PM,1:30 PM,4:38 PM,5:00 PM,7:21 PM,7:28 PM,8:36 PM,8:45 PM
9/15/2026,RTH 4,Tuesday,5:35 AM,6:00 AM,6:49 AM,1:07 PM,1:30 PM,4:37 PM,5:00 PM,7:20 PM,7:27 PM,8:34 PM,8:45 PM
9/16/2026,RTH 5,Wednesday,5:36 AM,6:00 AM,6:50 AM,1:06 PM,1:30 PM,4:36 PM,5:00 PM,7:18 PM,7:25 PM,8:32 PM,8:45 PM
9/17/2026,RTH 6,Thursday,5:37 AM,6:00 AM,6:51 AM,1:06 PM,1:30 PM,4:35 PM,5:00 PM,7:16 PM,7:23 PM,8:30 PM,8:45 PM
9/18/2026,RTH 7,Friday,5:38 AM,6:00 AM,6:52 AM,1:06 PM,1:30 PM,4:34 PM,5:00 PM,7:15 PM,7:22 PM,8:29 PM,8:45 PM
9/19/2026,RTH 8,Saturday,5:39 AM,6:00 AM,6:53 AM,1:05 PM,1:30 PM,4:33 PM,5:00 PM,7:13 PM,7:20 PM,8:27 PM,8:45 PM
9/20/2026,RTH 9,Sunday,5:40 AM,6:15 AM,6:53 AM,1:05 PM,1:30 PM,4:31 PM,5:00 PM,7:12 PM,7:19 PM,8:25 PM,8:45 PM
9/21/2026,RTH 10,Monday,5:41 AM,6:15 AM,6:54 AM,1:05 PM,1:30 PM,4:30 PM,5:00 PM,7:10 PM,7:17 PM,8:24 PM,8:45 PM
9/22/2026,RTH 11,Tuesday,5:42 AM,6:15 AM,6:55 AM,1:04 PM,1:30 PM,4:29 PM,5:00 PM,7:08 PM,7:15 PM,8:22 PM,8:45 PM
9/23/2026,RTH 12,Wednesday,5:43 AM,6:15 AM,6:56 AM,1:04 PM,1:30 PM,4:28 PM,5:00 PM,7:07 PM,7:14 PM,8:20 PM,8:45 PM
9/24/2026,RTH 13,Thursday,5:44 AM,6:15 AM,6:57 AM,1:03 PM,1:30 PM,4:27 PM,5:00 PM,7:05 PM,7:12 PM,8:18 PM,8:45 PM
9/25/2026,RTH 14,Friday,5:45 AM,6:15 AM,6:58 AM,1:03 PM,1:30 PM,4:26 PM,5:00 PM,7:04 PM,7:11 PM,8:17 PM,8:45 PM
9/26/2026,RTH 15,Saturday,5:46 AM,6:15 AM,6:59 AM,1:03 PM,1:30 PM,4:25 PM,5:00 PM,7:02 PM,7:09 PM,8:15 PM,8:45 PM
9/27/2026,RTH 16,Sunday,5:47 AM,6:15 AM,7:00 AM,1:02 PM,1:30 PM,4:24 PM,4:45 PM,7:00 PM,7:07 PM,8:13 PM,8:30 PM
9/28/2026,RTH 17,Monday,5:47 AM,6:15 AM,7:01 AM,1:02 PM,1:30 PM,4:23 PM,4:45 PM,6:59 PM,7:06 PM,8:12 PM,8:30 PM
9/29/2026,RTH 18,Tuesday,5:48 AM,6:15 AM,7:02 AM,1:02 PM,1:30 PM,4:21 PM,4:45 PM,6:57 PM,7:04 PM,8:10 PM,8:30 PM
9/30/2026,RTH 19,Wednesday,5:49 AM,6:15 AM,7:03 AM,1:01 PM,1:30 PM,4:20 PM,4:45 PM,6:56 PM,7:03 PM,8:09 PM,8:30 PM
10/1/2026,RTH 20,Thursday,5:50 AM,6:15 AM,7:04 AM,1:01 PM,1:30 PM,4:19 PM,4:45 PM,6:54 PM,7:01 PM,8:07 PM,8:30 PM
10/2/2026,RTH 21,Friday,5:51 AM,6:15 AM,7:05 AM,1:01 PM,1:30 PM,4:18 PM,4:45 PM,6:52 PM,6:59 PM,8:05 PM,8:30 PM
10/3/2026,RTH 22,Saturday,5:52 AM,6:15 AM,7:05 AM,1:00 PM,1:30 PM,4:17 PM,4:45 PM,6:51 PM,6:58 PM,8:04 PM,8:30 PM
10/4/2026,RTH 23,Sunday,5:53 AM,6:15 AM,7:06 AM,1:00 PM,1:30 PM,4:16 PM,4:45 PM,6:49 PM,6:56 PM,8:02 PM,8:15 PM
10/5/2026,RTH 24,Monday,5:54 AM,6:15 AM,7:07 AM,1:00 PM,1:30 PM,4:15 PM,4:45 PM,6:48 PM,6:55 PM,8:01 PM,8:15 PM
10/6/2026,RTH 25,Tuesday,5:55 AM,6:15 AM,7:08 AM,1:00 PM,1:30 PM,4:14 PM,4:45 PM,6:46 PM,6:53 PM,7:59 PM,8:15 PM
10/7/2026,RTH 26,Wednesday,5:56 AM,6:15 AM,7:09 AM,12:59 PM,1:30 PM,4:12 PM,4:45 PM,6:45 PM,6:52 PM,7:58 PM,8:15 PM
10/8/2026,RTH 27,Thursday,5:57 AM,6:15 AM,7:10 AM,12:59 PM,1:30 PM,4:11 PM,4:45 PM,6:43 PM,6:50 PM,7:56 PM,8:15 PM
10/9/2026,RTH 28,Friday,5:58 AM,6:15 AM,7:11 AM,12:59 PM,1:30 PM,4:10 PM,4:45 PM,6:42 PM,6:49 PM,7:55 PM,8:15 PM
10/10/2026,RTH 29,Saturday,5:59 AM,6:15 AM,7:12 AM,12:58 PM,1:30 PM,4:09 PM,4:45 PM,6:40 PM,6:47 PM,7:53 PM,8:15 PM
10/11/2026,RTH 30,Sunday,6:00 AM,6:30 AM,7:13 AM,12:58 PM,1:30 PM,4:08 PM,4:30 PM,6:39 PM,6:46 PM,7:52 PM,8:15 PM
10/12/2026,JAW 1,Monday,6:01 AM,6:30 AM,7:14 AM,12:58 PM,1:30 PM,4:07 PM,4:30 PM,6:37 PM,6:44 PM,7:50 PM,8:15 PM
10/13/2026,JAW 2,Tuesday,6:02 AM,6:30 AM,7:15 AM,12:58 PM,1:30 PM,4:06 PM,4:30 PM,6:36 PM,6:43 PM,7:49 PM,8:15 PM
10/14/2026,JAW 3,Wednesday,6:03 AM,6:30 AM,7:16 AM,12:57 PM,1:30 PM,4:05 PM,4:30 PM,6:34 PM,6:41 PM,7:47 PM,8:15 PM
10/15/2026,JAW 4,Thursday,6:04 AM,6:30 AM,7:17 AM,12:57 PM,1:30 PM,4:03 PM,4:30 PM,6:33 PM,6:40 PM,7:46 PM,8:15 PM
10/16/2026,JAW 5,Friday,6:05 AM,6:30 AM,7:18 AM,12:57 PM,1:30 PM,4:02 PM,4:30 PM,6:31 PM,6:38 PM,7:45 PM,8:15 PM
10/17/2026,JAW 6,Saturday,6:06 AM,6:30 AM,7:19 AM,12:57 PM,1:30 PM,4:01 PM,4:30 PM,6:30 PM,6:37 PM,7:43 PM,8:00 PM
10/18/2026,JAW 7,Sunday,6:07 AM,6:30 AM,7:20 AM,12:57 PM,1:30 PM,4:00 PM,4:30 PM,6:28 PM,6:35 PM,7:42 PM,8:00 PM
10/19/2026,JAW 8,Monday,6:08 AM,6:30 AM,7:21 AM,12:56 PM,1:30 PM,3:59 PM,4:30 PM,6:27 PM,6:34 PM,7:41 PM,8:00 PM
10/20/2026,JAW 9,Tuesday,6:09 AM,6:30 AM,7:22 AM,12:56 PM,1:30 PM,3:58 PM,4:30 PM,6:26 PM,6:33 PM,7:39 PM,8:00 PM
10/21/2026,JAW 10,Wednesday,6:10 AM,6:30 AM,7:23 AM,12:56 PM,1:30 PM,3:57 PM,4:30 PM,6:24 PM,6:31 PM,7:38 PM,8:00 PM
10/22/2026,JAW 11,Thursday,6:11 AM,6:30 AM,7:24 AM,12:56 PM,1:30 PM,3:56 PM,4:30 PM,6:23 PM,6:30 PM,7:37 PM,8:00 PM
10/23/2026,JAW 12,Friday,6:11 AM,6:30 AM,7:25 AM,12:56 PM,1:30 PM,3:55 PM,4:30 PM,6:22 PM,6:29 PM,7:36 PM,8:00 PM
10/24/2026,JAW 13,Saturday,6:12 AM,6:30 AM,7:26 AM,12:56 PM,1:30 PM,3:54 PM,4:30 PM,6:20 PM,6:27 PM,7:34 PM,8:00 PM
10/25/2026,JAW 14,Sunday,6:13 AM,6:30 AM,7:28 AM,12:56 PM,1:30 PM,3:53 PM,4:30 PM,6:19 PM,6:26 PM,7:33 PM,8:00 PM
10/26/2026,JAW 15,Monday,6:14 AM,6:30 AM,7:29 AM,12:55 PM,1:30 PM,3:52 PM,4:15 PM,6:18 PM,6:25 PM,7:32 PM,8:00 PM
10/27/2026,JAW 16,Tuesday,6:15 AM,6:30 AM,7:30 AM,12:55 PM,1:30 PM,3:51 PM,4:15 PM,6:17 PM,6:24 PM,7:31 PM,8:00 PM
10/28/2026,JAW 17,Wednesday,6:16 AM,6:30 AM,7:31 AM,12:55 PM,1:30 PM,3:50 PM,4:15 PM,6:15 PM,6:22 PM,7:30 PM,8:00 PM
10/29/2026,JAW 18,Thursday,6:17 AM,6:30 AM,7:32 AM,12:55 PM,1:30 PM,3:49 PM,4:15 PM,6:14 PM,6:21 PM,7:29 PM,8:00 PM
10/30/2026,JAW 19,Friday,6:18 AM,6:30 AM,7:33 AM,12:55 PM,1:30 PM,3:48 PM,4:15 PM,6:13 PM,6:20 PM,7:27 PM,8:00 PM
10/31/2026,JAW 20,Saturday,6:19 AM,6:30 AM,7:34 AM,12:55 PM,1:30 PM,3:47 PM,4:15 PM,6:12 PM,6:19 PM,7:26 PM,8:00 PM
11/1/2026,JAW 21,Sunday,5:20 AM,5:45 AM,6:35 AM,11:55 AM,1:30 PM,2:46 PM,3:00 PM,5:11 PM,5:18 PM,6:25 PM,8:00 PM
11/2/2026,JAW 22,Monday,5:21 AM,5:45 AM,6:36 AM,11:55 AM,1:30 PM,2:45 PM,3:00 PM,5:10 PM,5:17 PM,6:24 PM,8:00 PM
11/3/2026,JAW 23,Tuesday,5:22 AM,5:45 AM,6:37 AM,11:55 AM,1:30 PM,2:45 PM,3:00 PM,5:08 PM,5:15 PM,6:23 PM,8:00 PM
11/4/2026,JAW 24,Wednesday,5:23 AM,5:45 AM,6:38 AM,11:55 AM,1:30 PM,2:44 PM,3:00 PM,5:07 PM,5:14 PM,6:23 PM,8:00 PM
11/5/2026,JAW 25,Thursday,5:24 AM,5:45 AM,6:39 AM,11:55 AM,1:30 PM,2:43 PM,3:00 PM,5:06 PM,5:13 PM,6:22 PM,8:00 PM
11/6/2026,JAW 26,Friday,5:25 AM,5:45 AM,6:41 AM,11:55 AM,1:30 PM,2:42 PM,3:00 PM,5:05 PM,5:12 PM,6:21 PM,8:00 PM
11/7/2026,JAW 27,Saturday,5:26 AM,5:45 AM,6:42 AM,11:55 AM,1:30 PM,2:41 PM,3:00 PM,5:04 PM,5:11 PM,6:20 PM,8:00 PM
11/8/2026,JAW 28,Sunday,5:27 AM,6:00 AM,6:43 AM,11:55 AM,1:30 PM,2:41 PM,3:00 PM,5:03 PM,5:10 PM,6:19 PM,8:00 PM
11/9/2026,JAW 29,Monday,5:28 AM,6:00 AM,6:44 AM,11:55 AM,1:30 PM,2:40 PM,3:00 PM,5:02 PM,5:09 PM,6:18 PM,8:00 PM
11/10/2026,JAW 30,Tuesday,5:29 AM,6:00 AM,6:45 AM,11:55 AM,1:30 PM,2:39 PM,3:00 PM,5:01 PM,5:08 PM,6:17 PM,8:00 PM
11/11/2026,JAK 1,Wednesday,5:30 AM,6:00 AM,6:46 AM,11:56 AM,1:30 PM,2:38 PM,3:00 PM,5:01 PM,5:08 PM,6:17 PM,8:00 PM
11/12/2026,JAK 2,Thursday,5:31 AM,6:00 AM,6:47 AM,11:56 AM,1:30 PM,2:38 PM,3:00 PM,5:00 PM,5:07 PM,6:16 PM,8:00 PM
11/13/2026,JAK 3,Friday,5:32 AM,6:00 AM,6:48 AM,11:56 AM,1:30 PM,2:37 PM,3:00 PM,4:59 PM,5:06 PM,6:15 PM,8:00 PM
11/14/2026,JAK 4,Saturday,5:33 AM,6:00 AM,6:49 AM,11:56 AM,1:30 PM,2:36 PM,3:00 PM,4:58 PM,5:05 PM,6:15 PM,8:00 PM
11/15/2026,JAK 5,Sunday,5:34 AM,6:00 AM,6:51 AM,11:56 AM,1:30 PM,2:36 PM,3:00 PM,4:57 PM,5:04 PM,6:14 PM,8:00 PM
11/16/2026,JAK 6,Monday,5:35 AM,6:00 AM,6:52 AM,11:56 AM,1:30 PM,2:35 PM,3:00 PM,4:57 PM,5:04 PM,6:13 PM,8:00 PM
11/17/2026,JAK 7,Tuesday,5:36 AM,6:00 AM,6:53 AM,11:57 AM,1:30 PM,2:35 PM,3:00 PM,4:56 PM,5:03 PM,6:13 PM,8:00 PM
11/18/2026,JAK 8,Wednesday,5:37 AM,6:00 AM,6:54 AM,11:57 AM,1:30 PM,2:34 PM,3:00 PM,4:55 PM,5:02 PM,6:12 PM,8:00 PM
11/19/2026,JAK 9,Thursday,5:38 AM,6:00 AM,6:55 AM,11:57 AM,1:30 PM,2:34 PM,3:00 PM,4:55 PM,5:02 PM,6:12 PM,8:00 PM
11/20/2026,JAK 10,Friday,5:39 AM,6:00 AM,6:56 AM,11:57 AM,1:30 PM,2:33 PM,3:00 PM,4:54 PM,5:01 PM,6:11 PM,8:00 PM
11/21/2026,JAK 11,Saturday,5:40 AM,6:00 AM,6:57 AM,11:57 AM,1:30 PM,2:33 PM,3:00 PM,4:53 PM,5:00 PM,6:11 PM,8:00 PM
11/22/2026,JAK 12,Sunday,5:41 AM,6:15 AM,6:58 AM,11:58 AM,1:30 PM,2:33 PM,3:00 PM,4:53 PM,5:00 PM,6:10 PM,8:00 PM
11/23/2026,JAK 13,Monday,5:42 AM,6:15 AM,6:59 AM,11:58 AM,1:30 PM,2:32 PM,3:00 PM,4:52 PM,4:59 PM,6:10 PM,8:00 PM
11/24/2026,JAK 14,Tuesday,5:42 AM,6:15 AM,7:00 AM,11:58 AM,1:30 PM,2:32 PM,3:00 PM,4:52 PM,4:59 PM,6:10 PM,8:00 PM
11/25/2026,JAK 15,Wednesday,5:43 AM,6:15 AM,7:01 AM,11:59 AM,1:30 PM,2:32 PM,3:00 PM,4:51 PM,4:58 PM,6:09 PM,8:00 PM
11/26/2026,JAK 16,Thursday,5:44 AM,6:15 AM,7:02 AM,11:59 AM,1:30 PM,2:31 PM,3:00 PM,4:51 PM,4:58 PM,6:09 PM,8:00 PM
11/27/2026,JAK 17,Friday,5:45 AM,6:15 AM,7:04 AM,11:59 AM,1:30 PM,2:31 PM,3:00 PM,4:51 PM,4:58 PM,6:09 PM,8:00 PM
11/28/2026,JAK 18,Saturday,5:46 AM,6:15 AM,7:05 AM,12:00 PM,1:30 PM,2:31 PM,3:00 PM,4:50 PM,4:57 PM,6:09 PM,8:00 PM
11/29/2026,JAK 19,Sunday,5:47 AM,6:15 AM,7:06 AM,12:00 PM,1:30 PM,2:31 PM,3:00 PM,4:50 PM,4:57 PM,6:09 PM,8:00 PM
11/30/2026,JAK 20,Monday,5:48 AM,6:15 AM,7:07 AM,12:00 PM,1:30 PM,2:30 PM,3:00 PM,4:50 PM,4:57 PM,6:08 PM,8:00 PM
12/1/2026,JAK 21,Tuesday,5:49 AM,6:15 AM,7:08 AM,12:01 PM,1:30 PM,2:46 PM,3:00 PM,5:11 PM,5:18 PM,6:25 PM,8:00 PM
12/2/2026,JAK 22,Wednesday,5:50 AM,6:15 AM,7:09 AM,12:01 PM,1:30 PM,2:45 PM,3:00 PM,5:10 PM,5:17 PM,6:24 PM,8:00 PM
12/3/2026,JAK 23,Thursday,5:50 AM,6:15 AM,7:09 AM,12:01 PM,1:30 PM,2:45 PM,3:00 PM,5:08 PM,5:15 PM,6:23 PM,8:00 PM
12/4/2026,JAK 24,Friday,5:51 AM,6:15 AM,7:10 AM,12:02 PM,1:30 PM,2:44 PM,3:00 PM,5:07 PM,5:14 PM,6:23 PM,8:00 PM
12/5/2026,JAK 25,Saturday,5:52 AM,6:15 AM,7:11 AM,12:02 PM,1:30 PM,2:43 PM,3:00 PM,5:06 PM,5:13 PM,6:22 PM,8:00 PM
12/6/2026,JAK 26,Sunday,5:53 AM,6:30 AM,7:12 AM,12:03 PM,1:30 PM,2:42 PM,3:00 PM,5:05 PM,5:12 PM,6:21 PM,8:00 PM
12/7/2026,JAK 27,Monday,5:54 AM,6:30 AM,7:13 AM,12:03 PM,1:30 PM,2:41 PM,3:00 PM,5:04 PM,5:11 PM,6:20 PM,8:00 PM
12/8/2026,JAK 28,Tuesday,5:54 AM,6:30 AM,7:14 AM,12:03 PM,1:30 PM,2:41 PM,3:00 PM,5:03 PM,5:10 PM,6:19 PM,8:00 PM
12/9/2026,JAK 29,Wednesday,5:55 AM,6:30 AM,7:15 AM,12:04 PM,1:30 PM,2:40 PM,3:00 PM,5:02 PM,5:09 PM,6:18 PM,8:00 PM
12/10/2026,RJB 1,Thursday,5:56 AM,6:30 AM,7:16 AM,12:04 PM,1:30 PM,2:39 PM,3:00 PM,5:01 PM,5:08 PM,6:17 PM,8:00 PM
12/11/2026,RJB 2,Friday,5:57 AM,6:30 AM,7:16 AM,12:05 PM,1:30 PM,2:38 PM,3:00 PM,5:01 PM,5:08 PM,6:17 PM,8:00 PM
12/12/2026,RJB 3,Saturday,5:57 AM,6:30 AM,7:17 AM,12:05 PM,1:30 PM,2:38 PM,3:00 PM,5:00 PM,5:07 PM,6:16 PM,8:00 PM
12/13/2026,RJB 4,Sunday,5:58 AM,6:30 AM,7:18 AM,12:06 PM,1:30 PM,2:37 PM,3:00 PM,4:59 PM,5:06 PM,6:15 PM,8:00 PM
12/14/2026,RJB 5,Monday,5:59 AM,6:30 AM,7:19 AM,12:06 PM,1:30 PM,2:36 PM,3:00 PM,4:58 PM,5:05 PM,6:15 PM,8:00 PM
12/15/2026,RJB 6,Tuesday,5:59 AM,6:30 AM,7:19 AM,12:07 PM,1:30 PM,2:36 PM,3:00 PM,4:57 PM,5:04 PM,6:14 PM,8:00 PM
12/16/2026,RJB 7,Wednesday,6:00 AM,6:30 AM,7:20 AM,12:07 PM,1:30 PM,2:35 PM,3:00 PM,4:57 PM,5:04 PM,6:13 PM,8:00 PM
12/17/2026,RJB 8,Thursday,6:01 AM,6:30 AM,7:21 AM,12:08 PM,1:30 PM,2:35 PM,3:00 PM,4:56 PM,5:03 PM,6:13 PM,8:00 PM
12/18/2026,RJB 9,Friday,6:01 AM,6:30 AM,7:21 AM,12:08 PM,1:30 PM,2:34 PM,3:00 PM,4:55 PM,5:02 PM,6:12 PM,8:00 PM
12/19/2026,RJB 10,Saturday,6:02 AM,6:30 AM,7:22 AM,12:08 PM,1:30 PM,2:34 PM,3:00 PM,4:55 PM,5:02 PM,6:12 PM,8:00 PM
12/20/2026,RJB 11,Sunday,6:02 AM,6:30 AM,7:22 AM,12:08 PM,1:30 PM,2:33 PM,3:00 PM,4:54 PM,5:01 PM,6:11 PM,8:00 PM
12/21/2026,RJB 12,Monday,6:03 AM,6:30 AM,7:23 AM,12:08 PM,1:30 PM,2:33 PM,3:00 PM,4:53 PM,5:00 PM,6:11 PM,8:00 PM
12/22/2026,RJB 13,Tuesday,6:03 AM,6:30 AM,7:23 AM,12:08 PM,1:30 PM,2:33 PM,3:00 PM,4:53 PM,5:00 PM,6:10 PM,8:00 PM
12/23/2026,RJB 14,Wednesday,6:04 AM,6:30 AM,7:24 AM,12:08 PM,1:30 PM,2:32 PM,3:00 PM,4:52 PM,4:59 PM,6:10 PM,8:00 PM
12/24/2026,RJB 15,Thursday,6:04 AM,6:30 AM,7:24 AM,12:08 PM,1:30 PM,2:32 PM,3:00 PM,4:52 PM,4:59 PM,6:10 PM,8:00 PM
12/25/2026,RJB 16,Friday,6:05 AM,6:30 AM,7:25 AM,12:08 PM,1:30 PM,2:32 PM,3:00 PM,4:51 PM,4:58 PM,6:09 PM,8:00 PM
12/26/2026,RJB 17,Saturday,6:05 AM,6:30 AM,7:25 AM,12:08 PM,1:30 PM,2:31 PM,3:00 PM,4:51 PM,4:58 PM,6:09 PM,8:00 PM
12/27/2026,RJB 18,Sunday,6:05 AM,6:30 AM,7:25 AM,12:08 PM,1:30 PM,2:31 PM,3:00 PM,4:51 PM,4:58 PM,6:09 PM,8:00 PM
12/28/2026,RJB 19,Monday,6:06 AM,6:30 AM,7:26 AM,12:08 PM,1:30 PM,2:31 PM,3:00 PM,4:50 PM,4:57 PM,6:09 PM,8:00 PM
12/29/2026,RJB 20,Tuesday,6:06 AM,6:30 AM,7:26 AM,12:08 PM,1:30 PM,2:31 PM,3:00 PM,4:50 PM,4:57 PM,6:09 PM,8:00 PM
12/30/2026,RJB 21,Wednesday,6:06 AM,6:30 AM,7:26 AM,12:08 PM,1:30 PM,2:31 PM,3:00 PM,4:50 PM,4:57 PM,6:09 PM,8:00 PM
12/31/2026,RJB 22,Thursday,6:07 AM,6:30 AM,7:26 AM,12:08 PM,1:30 PM,2:30 PM,3:00 PM,4:50 PM,4:57 PM,6:08 PM,8:00 PM