id,name,category,subcategory,description,status,featured,location_type,address,service_area_description,phone,website,instagram_url,booking_url,lat,lng,filter_tags,search_aliases,affiliation,community_badge,photo_url,rating,user_ratings_total,created_at
12,RDU Auto,Automotive,,"Pre-owned vehicle sales and service dealership on New Bern Ave in Raleigh, offering a selection of used cars and trucks alongside in-house automotive repair and maintenance.",approved,False,physical,"4902 New Bern Ave, Raleigh, NC 27610",,(919) 296-4444,http://rduauto.com/,,,35.79609000000001,-78.5540513,"[""Mechanic / Repair""]","[""auto sales"", ""used cars"", ""car repair"", ""auto service""]",,,,4.7,704.0,2026-03-08 04:48:10.559001
13,The Light House Project,Services,,"Community organization and event space in Cary offering meeting rooms, programming, and gathering facilities for nonprofits, faith groups, and local organizations.",approved,False,physical,"1127 Kildaire Farm Rd, Cary, NC 27511",,(919) 578-3095,http://www.lhproj.com/,,,35.7684028,-78.78131069999999,"[""Walk-ins welcome""]","[""event space"", ""community center"", ""meeting room"", ""nonprofit""]",,,,4.9,41.0,2026-03-08 04:48:10.673929
14,Oak City Dermatology,Healthcare,Dermatology,"Dermatology practice in Cary offering medical, surgical, and cosmetic skin care led by board-certified dermatologist Dr. Haque, a women-owned practice accepting patients from across the Triangle.",approved,False,physical,"115 Kildaire Park Dr Suite 406, Cary, NC 27518",,(919) 283-1099,http://www.oakcitydermatology.com/,,,35.7426481,-78.78025230000001,"[""Women-owned"", ""Urdu-speaking"", ""Accepts insurance"", ""Female provider""]","[""dermatologist"", ""skin doctor"", ""skin care"", ""cosmetic dermatology""]",,,,4.9,235.0,2026-03-08 04:48:10.88081
15,Anchor Auto Outlet,Automotive,,"Pre-owned vehicle dealership in Cary offering a selection of used cars, trucks, and SUVs with straightforward pricing for buyers across the Triangle.",approved,False,physical,"316 Field St, Cary, NC 27513",,(919) 651-0051,http://www.anchorautooutlet.com/,,,35.791216299999995,-78.77457749999999,"[""Dealership""]","[""used cars"", ""auto sales"", ""pre-owned vehicles""]",,,,4.9,2669.0,2026-03-08 04:48:10.935742
16,Redline Rentals NC,Automotive,,"Vehicle rental company in Wake Forest offering cars and trucks for personal and business use, with short- and long-term rental options available.",approved,False,physical,"745 Merritt Capital Dr, Wake Forest, NC 27587",,(984) 327-7870,https://redlinerentalsnc.net/,,,35.9291497,-78.5332014,"[""Car rental""]","[""car rental"", ""vehicle rental"", ""rent a car""]",,,,5.0,39.0,2026-03-08 04:48:10.988587
17,Athens Moving Experts,Services,,Residential and commercial moving company in Raleigh offering local and long-distance relocation services throughout the Triangle with flexible scheduling.,approved,False,physical,"6601 Hillsborough St #111, Raleigh, NC 27606",,(919) 760-7774,https://athensmovingexperts.com/,,,35.7880987,-78.7419345,"[""Walk-ins welcome""]","[""movers"", ""moving company"", ""relocation""]",,,,4.9,1259.0,2026-03-08 04:48:11.147002
19,Triangle Family Dentistry - Apex Green Level,Healthcare,Dentistry,"Multi-location family dental practice serving the Triangle, providing cleanings, restorative procedures, and cosmetic dentistry for patients of all ages. This location is in Apex on Green Level West Rd.",approved,False,physical,"3651 Green Level West Rd, Apex, NC 27523",,(919) 377-9797,https://www.trianglefamilydentistry.com,,,35.7777946,-78.9046998,"[""Accepts insurance"", ""Walk-ins welcome""]","[""dentist"", ""dental"", ""teeth"", ""family dentist""]",,,,4.7,238.0,2026-03-08 04:48:11.328223
20,Triangle Family Dentistry - Apex Kelly Rd,Healthcare,Dentistry,"Multi-location family dental practice serving the Triangle, providing cleanings, restorative procedures, and cosmetic dentistry for patients of all ages. This location is in Apex on Kelly Rd.",approved,False,physical,"1460 Kelly Rd, Apex, NC 27502",,(919) 396-5428,https://www.trianglefamilydentistry.com,,,35.7362709,-78.89644590000002,"[""Accepts insurance"", ""Walk-ins welcome""]","[""dentist"", ""dental"", ""teeth"", ""family dentist""]",,,,4.4,182.0,2026-03-08 04:48:11.381979
21,Triangle Family Dentistry - Brier Creek,Healthcare,Dentistry,"Multi-location family dental practice serving the Triangle, providing cleanings, restorative procedures, and cosmetic dentistry for patients of all ages. This location is in Raleigh at Brier Creek.",approved,False,physical,"7860 Brier Creek Pkwy, Raleigh, NC 27617",,(919) 626-9977,https://www.trianglefamilydentistry.com,,,35.915732500000004,-78.7799934,"[""Accepts insurance"", ""Walk-ins welcome""]","[""dentist"", ""dental"", ""teeth"", ""family dentist""]",,,,4.7,243.0,2026-03-08 04:48:11.433302
22,Triangle Family Dentistry - Cary Park,Healthcare,Dentistry,"Multi-location family dental practice serving the Triangle, providing cleanings, restorative procedures, and cosmetic dentistry for patients of all ages. This location is in Cary at Carpenter Fire Station Rd.",approved,False,physical,"7535 Carpenter Fire Station Rd, Cary, NC 27519",,(919) 468-1777,https://www.trianglefamilydentistry.com,,,35.8223087,-78.8974875,"[""Accepts insurance"", ""Walk-ins welcome""]","[""dentist"", ""dental"", ""teeth"", ""family dentist""]",,,,4.6,353.0,2026-03-08 04:48:11.485517
23,Triangle Family Dentistry - Fuquay-Varina,Healthcare,Dentistry,"Multi-location family dental practice serving the Triangle, providing cleanings, restorative procedures, and cosmetic dentistry for patients of all ages. This location is in Fuquay-Varina on N Main St.",approved,False,physical,"1625 N Main St, Fuquay-Varina, NC 27526",,(919) 396-5802,https://www.trianglefamilydentistry.com,,,35.5966186,-78.76122149999999,"[""Accepts insurance"", ""Walk-ins welcome""]","[""dentist"", ""dental"", ""teeth"", ""family dentist""]",,,,4.7,515.0,2026-03-08 04:48:11.536862
24,Triangle Family Dentistry - Holly Springs,Healthcare,Dentistry,"Multi-location family dental practice serving the Triangle, providing cleanings, restorative procedures, and cosmetic dentistry for patients of all ages. This location is in Holly Springs on S Main St.",approved,False,physical,"1070 S Main St, Holly Springs, NC 27540",,(984) 201-0245,https://www.trianglefamilydentistry.com,,,35.6346715,-78.83778830000001,"[""Accepts insurance"", ""Walk-ins welcome""]","[""dentist"", ""dental"", ""teeth"", ""family dentist""]",,,,5.0,220.0,2026-03-08 04:48:11.589067
25,Triangle Family Dentistry - Morrisville,Healthcare,Dentistry,"Multi-location family dental practice serving the Triangle, providing cleanings, restorative procedures, and cosmetic dentistry for patients of all ages. This location is in Morrisville on Davis Dr.",approved,False,physical,"3607 Davis Dr, Morrisville, NC 27560",,(919) 296-4016,https://www.trianglefamilydentistry.com,,,35.8213109,-78.8497943,"[""Accepts insurance"", ""Walk-ins welcome""]","[""dentist"", ""dental"", ""teeth"", ""family dentist""]",,,,4.4,694.0,2026-03-08 04:48:11.640352
26,Triangle Family Dentistry - Pittsboro,Healthcare,Dentistry,"Multi-location family dental practice serving the Triangle, providing cleanings, restorative procedures, and cosmetic dentistry for patients of all ages. This location is in Pittsboro at Lifestyle Place.",approved,False,physical,"50 Lifestyle Pl, Pittsboro, NC 27312",,(984) 282-7813,https://www.trianglefamilydentistry.com,,,35.7562831,-79.16601630000001,"[""Accepts insurance"", ""Walk-ins welcome""]","[""dentist"", ""dental"", ""teeth"", ""family dentist""]",,,,4.9,69.0,2026-03-08 04:48:11.732851
27,Triangle Family Dentistry - Rolesville,Healthcare,Dentistry,"Multi-location family dental practice serving the Triangle, providing cleanings, restorative procedures, and cosmetic dentistry for patients of all ages. This location is in Rolesville on Redford Place Dr.",approved,False,physical,"101 Redford Place Dr, Rolesville, NC 27571",,(919) 396-5710,https://www.trianglefamilydentistry.com,,,35.9186583,-78.4641584,"[""Accepts insurance"", ""Walk-ins welcome""]","[""dentist"", ""dental"", ""teeth"", ""family dentist""]",,,,4.8,142.0,2026-03-08 04:48:11.784433
28,Triangle Family Dentistry - Wake Forest Heritage,Healthcare,Dentistry,"Multi-location family dental practice serving the Triangle, providing cleanings, restorative procedures, and cosmetic dentistry for patients of all ages. This location is in Wake Forest on Heritage Branch Rd.",approved,False,physical,"1936 Heritage Branch Rd, Wake Forest, NC 27587",,(984) 401-9001,https://www.trianglefamilydentistry.com,,,35.9496792,-78.5187479,"[""Accepts insurance"", ""Walk-ins welcome""]","[""dentist"", ""dental"", ""teeth"", ""family dentist""]",,,,4.8,153.0,2026-03-08 04:48:11.835388
29,Triangle Family Dentistry - Wake Forest Rogers,Healthcare,Dentistry,"Multi-location family dental practice serving the Triangle, providing cleanings, restorative procedures, and cosmetic dentistry for patients of all ages. This location is in Wake Forest on Rogers Rd.",approved,False,physical,"3415 Rogers Rd, Wake Forest, NC 27587",,(919) 396-5657,https://www.trianglefamilydentistry.com,,,35.950817,-78.51179619999999,"[""Accepts insurance"", ""Walk-ins welcome""]","[""dentist"", ""dental"", ""teeth"", ""family dentist""]",,,,4.6,691.0,2026-03-08 04:48:11.886559
30,Crescent Private Wealth,Services,,Financial advisory firm in Cary specializing in Sharia-compliant wealth management and halal investing strategies for Muslim and values-driven clients.,approved,False,physical,"1400 Crescent Green Suite 100, Cary, NC 27518",,(919) 439-6090,https://www.crescentpw.com/,,,35.7347985,-78.78453809999999,"[""Financial planning"", ""By appointment only""]","[""financial advisor"", ""wealth management"", ""halal investing"", ""Islamic finance""]",,,,,,2026-03-08 04:48:42.05188
31,Triland Commercial,Real Estate,,"Commercial real estate brokerage in the Triangle specializing in office, retail, and industrial properties, serving buyers, sellers, and tenants across the region.",approved,False,service_area,,Serves the Triangle area,(919) 443-3034,http://www.trilandcre.com/,,,35.7347985,-78.78453809999999,"[""Commercial""]","[""commercial real estate"", ""office space"", ""retail space""]",,,,4.3,3.0,2026-03-08 04:48:42.107596
32,"Dr. Amjad Badwan, OD",Healthcare,Optometry,"Optometrist in the Triangle providing comprehensive eye exams, contact lens fittings, and vision care for patients of all ages.",approved,False,service_area,,Serves the Triangle area,(919) 859-0777,http://www.wakefamilyeyecare.com/,,,35.7454122,-78.7675787,"[""Accepts insurance""]","[""eye doctor"", ""optometrist"", ""eye exam"", ""glasses"", ""contacts""]",,,,4.8,13.0,2026-03-08 04:48:42.159193
33,"Dr. Abood Dahnoun, OD",Healthcare,Optometry,"Optometrist in Raleigh offering comprehensive eye exams, contact lens fittings, and vision care, with Arabic-speaking services available.",approved,False,physical,"7800 Fayetteville Rd, Raleigh, NC 27603",,(984) 810-5045,https://seemoreod.com/,,,35.6683503,-78.6986666,"[""Arabic-speaking"", ""Accepts insurance""]","[""eye doctor"", ""optometrist"", ""eye exam"", ""glasses"", ""Arabic""]",,,,5.0,14.0,2026-03-08 04:48:42.209322
34,"Dr. Ali Jaffry, OD",Healthcare,Optometry,"Optometrist at a MyEyeDr. location in Raleigh's Village District, offering comprehensive eye exams, optical fittings, and vision care in a welcoming clinical setting.",approved,False,physical,"2024 Cameron St, Raleigh, NC 27605",,(919) 863-2015,https://locations.myeyedr.com/nc/raleigh/2024-cameron-st,,,35.7912934,-78.660188,"[""Male provider"", ""Accepts insurance"", ""Walk-ins welcome""]","[""eye doctor"", ""optometrist"", ""eye exam"", ""MyEyeDr"", ""glasses""]",MyEyeDr,,,4.2,5.0,2026-03-08 04:48:42.259957
36,Your Budget Movers,Services,,"Residential and commercial moving company serving the Triangle, offering affordable relocation services with transparent pricing and no hidden fees.",approved,False,service_area,,Serves the Triangle area,(919) 504-2203,http://www.yourbudgetmover.com/,,,35.898596399999995,-78.8946268,"[""Walk-ins welcome""]","[""movers"", ""moving company"", ""relocation"", ""affordable moving""]",,,,4.7,501.0,2026-03-08 04:48:42.362816
37,RDU Pressure Pros,Services,,Professional pressure washing and exterior cleaning company serving residential and commercial properties across the Triangle area.,approved,False,service_area,,Serves the Triangle area,(919) 436-2108,http://www.rdupressurepros.com/,,,35.8031827,-78.8067173,"[""Walk-ins welcome""]","[""pressure washing"", ""power washing"", ""exterior cleaning""]",,,,5.0,87.0,2026-03-08 04:48:42.415346
38,AM Realty Group,Real Estate,,"Full-service real estate agency serving buyers, sellers, and investors across the Triangle, providing guidance through every stage of the buying and selling process.",approved,False,service_area,,Serves the Triangle area,(910) 474-3626,http://www.amrealtygroupllc.com/,,,35.8446807,-78.641926,"[""Buyer's agent"", ""Seller's agent""]","[""realtor"", ""real estate agent"", ""homes for sale"", ""buy house""]",,,,5.0,97.0,2026-03-08 04:48:42.466155
39,Raleigh Moving Company,Services,,"Full-service moving company in Raleigh offering local and long-distance residential moves, commercial relocations, and packing and unpacking services.",approved,False,physical,"517 Pylon Dr, Raleigh, NC 27606",,"919.694.3788
",https://www.raleighmovingcompany.com,https://www.instagram.com/raleighmovingcompany/?hl=en,,35.7937373,-78.70076159999999,"[""Walk-ins welcome""]","[""movers"", ""moving company"", ""relocation""]",,,,5.0,2357.0,2026-03-08 05:00:35.867106
40,Curate Studio,Events,Venue,"2,800 sq ft event venue in Apex offering an open floor plan, platform stage, hardwood flooring, and a 6-speaker sound system for private events, corporate gatherings, and micro-weddings.",approved,False,physical,"3651 Green Level W Rd Suite 101, Apex, NC 27523",,(919) 589-3436,http://www.curatestudioevents.com/,https://www.instagram.com/curatestudioevents/,,35.7779112,-78.9046644,"[""Women-owned"", ""Indoor venue""]","[""event space"", ""party hall"", ""community room""]",,,,5.0,142.0,2026-03-09 01:13:44.582638
41,Mousa Alshanteer,Services,,"Attorney at Brooks Pierce in Raleigh practicing healthcare law, business and corporate law, and mergers and acquisitions, serving clients across a range of transactional matters.",approved,False,physical,"230 North Elm Street, 2000 Renaissance Plaza, Greensboro, NC 27401",,(336) 373-8850,https://www.brookspierce.com/people-mousa-alshanteer,,,,,"[""Legal services"", ""By appointment only""]","[""lawyer"", ""attorney"", ""legal""]",Brooks Pierce,Member of NC Muslim Bar,,,,2026-03-09 02:54:41.818681
43,Patterson Harkavy LLP,Services,,"Law firm in Raleigh practicing civil rights, employment law, workers' compensation, labor law, and police misconduct litigation on behalf of individuals and organizations.",approved,False,physical,"100 Europa Drive, Suite 420, Chapel Hill, NC 27517",,(919) 942-5200,https://www.pathlaw.com,,,,,"[""Legal services"", ""By appointment only""]","[""lawyer"", ""attorney"", ""legal""]",,Member of NC Muslim Bar,,,,2026-03-09 02:54:41.939477
44,"Ayeshinaye Smith, Esq.",Services,,"Family law and estates attorney offering legal counsel in family matters, estate planning, estate administration, and guardianship proceedings in North Carolina.",approved,False,physical,"4816 Six Forks Road, Suite 202, Raleigh, NC 27609",,(919) 390-3512,https://www.smithdominguez.com,,,,,"[""Women-owned""]","[""lawyer"", ""attorney"", ""legal""]",Smith Dominguez Law,Member of NC Muslim Bar,,,,2026-03-09 02:54:41.997757
45,"The Law Office of Derrick J. Hensley, PLLC",Services,,"Raleigh-area practice focusing on child welfare and adoption law, immigration, and international family law matters.",approved,False,physical,"401 Meadowlands Dr. Ste. 201, Hillsborough, NC 27278",,(919) 480-1999,https://www.LODJH.com,,,,,"[""Legal services"", ""By appointment only""]","[""lawyer"", ""attorney"", ""legal""]",The Law Office of Neubia L. Harris PLLC,Member of NC Muslim Bar,,,,2026-03-09 02:54:42.055159
46,Safwan Ali,Services,,"Immigration and traffic defense attorney at Ali Law Firm in Henderson, NC, representing clients in visa matters, green card petitions, and traffic citations.",approved,False,physical,"PO Box 1046, Henderson, NC 27536",,(919) 213-1945,https://www.alilawfirm.net,,,,,"[""Legal services"", ""By appointment only""]","[""lawyer"", ""attorney"", ""legal""]",Ali Law Firm PLLC,Member of NC Muslim Bar,,,,2026-03-09 02:54:42.111996
47,Omar Baloch,Services,,"Immigration attorney at The Law Offices of Omar Baloch in Raleigh, handling visa applications, green card petitions, deportation defense, and related immigration matters.",approved,False,physical,"8801 Fast Park Drive, Suite 313, Raleigh, NC 27617",,(919) 834-3535,https://www.balochlaw.com,,,,,"[""Legal services"", ""By appointment only""]","[""lawyer"", ""attorney"", ""legal""]","The Law Offices of Omar Baloch, PLLC",Member of NC Muslim Bar,,,,2026-03-09 02:54:42.168637
48,Nigel Edwards,Services,,"Immigration attorney at The Law Offices of Omar Baloch in Raleigh, representing individuals in personal immigration matters including visas and deportation defense, excluding business immigration.",approved,False,physical,"8801 Fast Park Drive, Suite 313, Raleigh, NC 27617",,(919) 834-3535,https://www.balochlaw.com,,,,,"[""Legal services"", ""By appointment only""]","[""lawyer"", ""attorney"", ""legal""]","The Law Offices of Omar Baloch, PLLC",Member of NC Muslim Bar,,,,2026-03-09 02:54:42.225675
49,Pooyan Ordoubadi,Services,,"Attorney in Pittsboro practicing immigration law, criminal defense, and family law, providing legal counsel and courtroom representation across civil and criminal matters in North Carolina.",approved,False,physical,"33 Hillsboro Street, Pittsboro, NC 27312",,(919) 351-1101,https://pordolaw.com,,,,,"[""Legal services"", ""By appointment only""]","[""lawyer"", ""attorney"", ""legal""]",Law Office of Pooyan Ordoubadi,Member of NC Muslim Bar,,,,2026-03-09 02:54:42.282519
56,Sammy Naji,Services,,"Attorney at Triangle Legal in Cary handling personal injury, wills and trusts, business law, and civil litigation for clients across the Triangle.",approved,False,physical,"2500 Regency Parkway, Cary, NC 27518",,(919) 590-3647,https://www.triangle.legal/,,,,,"[""Arabic-speaking""]","[""lawyer"", ""attorney"", ""legal""]",Triangle Legal,Member of NC Muslim Bar,,,,2026-03-09 05:17:31.027927
57,Nada Mohamed,Services,,"Estate planning and real estate transactions attorney in Durham, helping clients structure wills and trusts and navigate property-related legal matters.",approved,False,physical,"64 Forest View Place, Durham, NC 27713",,(919) 808-0067,https://nrmlawoffice.com,,,,,"[""Legal services"", ""By appointment only""]","[""lawyer"", ""attorney"", ""legal""]","Law Office of Nada Mohamed, PLLC",Member of NC Muslim Bar,,,,2026-03-09 05:17:31.084133
58,Hay'ralah Alghorazi,Services,,"Estate planning attorney at Triangle Legal in Cary, assisting clients with wills, trusts, and end-of-life planning, with Arabic-language services available.",approved,False,physical,"2500 Regency Parkway, Cary, NC 27518",,(919) 590-3647,https://www.triangle.legal/,,,,,"[""Arabic-speaking""]","[""lawyer"", ""attorney"", ""legal""]",Triangle Legal,Member of NC Muslim Bar,,,,2026-03-09 05:17:31.140324
69,"Dr. Osama Said, OD",Healthcare,Optometry,"Optometrist in the Triangle providing comprehensive eye exams, contact lens evaluations, and vision care for patients across the region.",approved,False,physical,"6566 Glenwood Ave, Raleigh, NC 27612",,(919) 783-0011,https://locations.myeyedr.com/nc/raleigh/6566-glenwood-ave?utm_source=google-gmb&utm_medium=organic,,https://locations.myeyedr.com/nc/raleigh/6566-glenwood-ave,35.8612593,-78.7059003,"[""Arabic-speaking"", ""Accepts insurance""]","[""eye doctor"", ""optometrist"", ""eye exam"", ""glasses"", ""contacts""]",MyEyeDr,,,3.6,102.0,2026-03-10 05:20:47.151273
70,Hanane Jamili,Creator,Artist,"Triangle-based visual artist offering original paintings, Arabic calligraphy, and custom commissioned pieces, working at the intersection of storytelling and fine art.",approved,False,service_area,,Serves the Triangle area,,https://www.hananejamili.com/,https://www.instagram.com/hanane_jamili_collection?igsh=eHBrbWkxaXBwM2Nq,,,,"[""Women-owned"", ""Commission open"", ""Islamic content""]","[""artist"", ""art"", ""painting"", ""Arabic calligraphy"", ""custom art"", ""commission""]",Hanane Jamili Collection,,https://www.hananejamili.com/cdn/shop/files/Screenshot_2025-03-11_232807.png,,,2026-03-10 14:35:28.713302
81,IRIMA General Contracting,Services,,"Triangle-area general contracting company providing residential and commercial construction, renovation, and project management services.",approved,False,service_area,,Serves the Triangle area,,https://www.google.com/maps/place/IRIMA+General+Contracting,https://www.instagram.com/buildirima/,,35.8406256,-78.7291235,"[""Construction""]","[""contractor"", ""construction"", ""renovation"", ""builder""]",,,,,,2026-03-10 16:38:10.902171
82,Mecca Market,Grocery,,"Halal grocery store on Western Blvd in Raleigh offering halal meats, international food products, and specialty ingredients serving the Triangle's Muslim and immigrant communities.",approved,False,physical,"3913 Western Blvd, Raleigh, NC 27606",,(919) 615-1286,https://mecca-market.com/,,,35.784016,-78.690765,"[""Halal meat"", ""Zabiha"", ""Middle Eastern"", ""South Asian""]","[""halal grocery"", ""halal food"", ""halal meat"", ""international grocery"", ""Middle Eastern""]",,,,4.4,796.0,2026-03-11 01:02:48.685333
83,Inline Auto Sale,Automotive,,Pre-owned vehicle dealership in Fuquay-Varina offering a selection of used cars and trucks with a straightforward buying experience for Triangle-area customers.,approved,False,physical,"2900 N Main St, Fuquay-Varina, NC 27526",,(919) 557-0021,https://www.inlineautosale.com/,,,35.6152813,-78.7353996,"[""Dealership""]","[""used cars"", ""auto sales"", ""pre-owned vehicles""]",,,,4.5,1821.0,2026-03-11 04:40:55.593277
84,The Rumman Room,Events,Venue,"Private event venue in Raleigh offering a versatile, appointed space for weddings, celebrations, corporate events, and community gatherings.",approved,False,physical,"5104 Western Blvd STE A, Raleigh, NC 27606",,(919) 946-3687,https://www.rummanroom.com/,,,35.7869669,-78.7113686,"[""Indoor venue"", ""Gender-separated option""]","[""event venue"", ""wedding venue"", ""party venue"", ""event space""]",,,,4.8,21.0,2026-03-11 04:41:27.873785
85,North Hills Motors of Raleigh NC,Automotive,,"Pre-owned vehicle dealership in Raleigh offering a selection of used cars and trucks, with Arabic-speaking staff available to assist buyers throughout the process.",approved,False,physical,"5108 Western Blvd, Raleigh, NC 27606",,(919) 834-4444,http://www.northhillsmotors.com/,,,35.7869443,-78.7119026,"[""Dealership"", ""Arabic-speaking""]","[""used cars"", ""auto sales"", ""Arabic""]",,,,4.6,819.0,2026-03-11 04:41:57.868424
86,Classic Performance Auto,Automotive,,"Automotive service and repair shop in Raleigh specializing in performance vehicles, offering maintenance, diagnostics, and custom work for enthusiasts in the Triangle.",approved,False,physical,"1012 Trinity Rd, Raleigh, NC 27607",,(919) 233-5381,https://www.classicperformanceauto.com/,,,35.7928346,-78.7509255,"[""Mechanic / Repair""]","[""auto repair"", ""mechanic"", ""performance"", ""car service""]",,,,4.2,148.0,2026-03-11 04:42:30.688819
87,Foursquare Property Management,Real Estate,,"Residential and commercial property management company in Raleigh, handling leasing, maintenance coordination, and tenant relations on behalf of property owners across the Triangle.",approved,False,physical,"4509 Creedmoor Rd Suite 201, Raleigh, NC 27612",,(919) 977-6508,http://www.foursquarenc.com/,,,35.842445399999995,-78.683267,"[""Rental properties""]","[""property management"", ""landlord"", ""rental management""]",,,,4.7,127.0,2026-03-11 04:43:39.198225
88,Zakat Foundation of America Community Center,Events,,"Community center in Durham serving as a local hub for programming and Islamic outreach, affiliated with the national Zakat Foundation's humanitarian mission.",approved,False,physical,"5110 Revere Rd, Durham, NC 27713",,,https://zakat.org/,,,35.8943467,-78.9112644,"[""Indoor venue"", ""Gender-separated option""]","[""Islamic center"", ""community center"", ""zakat"", ""charity""]",,,,4.7,12.0,2026-03-11 04:44:03.259331
89,"Dr. Nouman Siddiqui, MD",Healthcare,Ophthalmology,"Ophthalmologist in Raleigh specializing in glaucoma diagnosis and treatment, providing medical and surgical eye care with Urdu-speaking services available.",approved,False,physical,"4201 Lake Boone Trail Suite 205, Raleigh, NC 27607",,(919) 659-8436,http://ncglaucoma.com/,,,35.814712,-78.7005401,"[""Urdu-speaking"", ""Accepts insurance""]","[""eye doctor"", ""ophthalmologist"", ""glaucoma"", ""eye surgery"", ""Urdu""]",,,,4.6,42.0,2026-03-11 04:45:05.133341
90,"Dr, Ruhina Shemna, OD",Healthcare,Optometrist,"Dr. Ruhina Shemna is an optometrist at a MyEyeDr. location in Cary offering comprehensive eye exams, contact lens fittings, and optical services.",approved,False,physical,"2346 Walnut St, Cary, NC 27518",,(919) 851-0093,https://locations.myeyedr.com/nc/cary/2346-walnut-st,,,35.7545886,-78.74547319999999,"[""Female provider"", ""Accepts insurance""]","[""eye doctor"", ""optometrist"", ""eye exam"", ""MyEyeDr"", ""glasses""]",,,,4.0,5.0,2026-03-11 04:46:43.47045
91,Dr. Sarah Cheema,Healthcare,Pediatrics,"Pediatrician at TKC Pediatrics in Cary offering primary care for infants, children, and adolescents, with Urdu-speaking services available at this women-owned practice.",approved,False,physical,"216 Ashville Ave # 60, Cary, NC 27518",,(919) 655-7873,http://www.tkcpediatrics.com/,,,35.741313,-78.783429,"[""Women-owned"", ""Urdu-speaking"", ""Female provider"", ""Accepts insurance""]","[""pediatrician"", ""kids doctor"", ""child doctor"", ""Urdu""]",,,,4.9,107.0,2026-03-11 04:50:09.138412
92,Khalifa Rugs,Retail,,"Triangle-area rug dealer specializing in hand-knotted silk and wool oriental rugs, offering personalized appointments to help customers find the right piece for their home.",approved,False,physical,"2100 Barnes St, Reidsville, NC 27320",,(984) 212-3899,https://khalifaorientalrugs.com/,,,36.325645,-79.6417179,"[""Urdu-speaking""]","[""rugs"", ""oriental rugs"", ""Persian rugs"", ""carpet""]",,,,5.0,4.0,2026-03-11 05:01:41.262101
103,NC Halal Meat,Grocery,,"Online halal butcher offering fresh, ethically sourced lamb, beef, and goat in a variety of cuts, with delivery and pickup options available across the Triangle.",approved,False,physical,"6301 US Hwy 13 S, Mt Olive, NC 28365",,(919) 999-0040,https://www.nchalalmeat.com/,,,35.274763199999995,-78.2871435,"[""Halal meat"", ""Zabiha"", ""Arabic-speaking""]","[""halal meat"", ""halal butcher"", ""zabiha"", ""lamb"", ""goat"", ""beef""]",,,,4.8,20.0,2026-03-11 15:11:16.551935
108,Fenn Makeup and Spa by Amani,Services,,"Beauty studio in Raleigh offering professional makeup artistry, skin treatments, and waxing services, with Arabic-speaking staff available.",approved,False,physical,"930 Vintage Jones Wy, Raleigh, NC 27606",,(984) 286-5857,https://www.fennmakeupandspa.com/,,,35.7665136,-78.7265865,"[""Women-owned"", ""Arabic-speaking""]","[""makeup artist"", ""bridal makeup"", ""spa"", ""esthetics"", ""Arabic""]",,,,5.0,40.0,2026-03-11 20:06:46.226517
144,Sound Station and Security,Automotive,,"Automotive electronics and security shop in Raleigh offering car audio installation, alarm systems, remote start, and window tinting, with Arabic-speaking staff available.",approved,False,physical,"7105 Glenwood Ave, Raleigh, NC 27612",,(919) 758-8404,http://www.soundstationsecurity.net/,,,35.864044199999995,-78.7152231,"[""Arabic-speaking""]","[""car audio"", ""car alarm"", ""tint"", ""remote start"", ""Arabic""]",,,,4.2,320.0,2026-03-13 17:16:39.198381
146,"Asma Abu-Dahab, LCSW",Healthcare,Licensed Clinical Social Worker,Licensed Clinical Social Worker providing individual therapy and mental health counseling services to clients in the Triangle area.,approved,False,service_area,,Serves the Triangle area,646-759-9729,https://www.asmaabudahab.com,,,,,"[""Mental health"", ""Telehealth available"", ""By appointment only""]","[""therapist"", ""counselor"", ""mental-health""]",,,,,,2026-03-13 20:28:11.464577
147,"Asil Abuhammoud, LCMHCA",Healthcare,Licensed Clinical Mental Health Counselor Associate,Licensed Clinical Mental Health Counselor Associate providing counseling and mental health support services to individuals in the Triangle area.,approved,False,service_area,,Serves the Triangle area,984-400-8110,https://www.psychologytoday.com,,,,,"[""Mental health"", ""Telehealth available"", ""By appointment only""]","[""therapist"", ""counselor"", ""mental-health""]",,,,,,2026-03-13 20:28:11.464577
148,"Mariam Abdulraheem, LCSWA, LCASA",Healthcare,Licensed Clinical Social Worker Associate,Licensed Clinical Social Worker Associate and Licensed Clinical Addictions Specialist Associate offering therapy and substance use support services in the Triangle.,approved,False,service_area,,Serves the Triangle area,984-357-1073,https://www.psychologytoday.com,,,,,"[""Mental health"", ""Telehealth available"", ""By appointment only""]","[""therapist"", ""counselor"", ""mental-health""]",,,,,,2026-03-13 20:28:11.464577
149,"Zumrad Ahmedjanova, LCSW, LCAS, CCS",Healthcare,Licensed Clinical Social Worker,"Licensed Clinical Social Worker and Certified Clinical Supervisor with specializations in addictions, providing individual therapy and clinical support services in the Triangle.",approved,False,service_area,,Serves the Triangle area,919-636-9170,https://www.artofwellnessnc.com,,,,,"[""Mental health"", ""Telehealth available"", ""By appointment only""]","[""therapist"", ""counselor"", ""mental-health""]",,,,,,2026-03-13 20:28:11.464577
150,"Dunya Alkaissi, Counseling Intern",Healthcare,Counseling Intern,Counseling intern providing supervised mental health support services to individuals in the Triangle area.,approved,False,service_area,,Serves the Triangle area,919-877-6221,https://wefixbrains.com/therapists/,,,,,"[""Mental health"", ""Telehealth available"", ""By appointment only""]","[""therapist"", ""counselor"", ""mental-health""]",,,,,,2026-03-13 20:28:11.464577
151,"Ola Alrokh, LCMHCA",Healthcare,Licensed Clinical Mental Health Counselor Associate,Licensed Clinical Mental Health Counselor Associate offering individual counseling and mental health support services to clients in the Triangle.,approved,False,service_area,,"Based in Ayden, NC, also available via telehealth",252-262-2723,https://www.psychologytoday.com,,,,,"[""Mental health"", ""Telehealth available"", ""By appointment only""]","[""therapist"", ""counselor"", ""mental-health""]",,,,,,2026-03-13 20:28:11.464577
152,"Aisha Al-Qimlass, PhD, LCMHC",Healthcare,Licensed Clinical Mental Health Counselor,"Licensed Clinical Mental Health Counselor with a doctorate, providing therapy and mental health counseling services to individuals in the Triangle area.",approved,False,service_area,,Serves the Triangle area,919-759-6181,https://www.creasman-counseling.com,,,,,"[""Mental health"", ""Telehealth available"", ""By appointment only""]","[""therapist"", ""counselor"", ""mental-health"", ""psychologist""]",,,,,,2026-03-13 20:28:11.464577
153,"Perihan Akcan Aydin, PhD, LCMHC",Healthcare,Licensed Clinical Mental Health Counselor,"Licensed Clinical Mental Health Counselor with a doctorate, offering therapy and psychological counseling services to individuals and families in the Triangle.",approved,False,service_area,,Serves the Triangle area,919-980-9586,https://www.creasman-counseling.com,,,,,"[""Mental health"", ""Telehealth available"", ""By appointment only""]","[""therapist"", ""counselor"", ""mental-health"", ""psychologist""]",,,,,,2026-03-13 20:28:11.464577
154,"Azleena Saleh Azhar, LCSWA",Healthcare,Licensed Clinical Social Worker Associate,Licensed Clinical Social Worker Associate providing individual therapy and mental health counseling services to clients in the Triangle area.,approved,False,service_area,,Serves the Triangle area,919-298-8107,https://www.threeoaksbehavioralhealth.com,,,,,"[""Mental health"", ""Telehealth available"", ""By appointment only""]","[""therapist"", ""counselor"", ""mental-health""]",,,,,,2026-03-13 20:28:11.464577
155,"Lena Azzam, LPC, LCMHC",Healthcare,Licensed Professional Counselor,Licensed Professional Counselor and Licensed Clinical Mental Health Counselor offering individual therapy and mental health support services in the Triangle.,approved,False,service_area,,Serves the Triangle area,910-502-0773,https://www.mindfulwavestherapy.com,,,,,"[""Mental health"", ""Telehealth available"", ""By appointment only""]","[""therapist"", ""counselor"", ""mental-health""]",,,,,,2026-03-13 20:28:11.464577
156,"Sufanna Bernarduci, LCSW",Healthcare,Licensed Clinical Social Worker,Licensed Clinical Social Worker providing individual and family therapy and mental health counseling services to clients in the Triangle area.,approved,False,service_area,,Serves the Triangle area,919-551-3673,https://www.blisstherapeutics.org,,,,,"[""Mental health"", ""Telehealth available"", ""By appointment only""]","[""therapist"", ""counselor"", ""mental-health""]",,,,,,2026-03-13 20:28:11.464577
157,"Vanessa Gharbi, LCSW",Healthcare,Licensed Clinical Social Worker,Licensed Clinical Social Worker providing therapy and mental health counseling services to individuals and families in the Triangle area.,approved,False,service_area,,Serves the Triangle area,336-360-6084,https://www.outliercounselingandwellness.com,,,,,"[""Mental health"", ""Telehealth available"", ""By appointment only""]","[""therapist"", ""counselor"", ""mental-health""]",,,,,,2026-03-13 20:28:11.464577
158,"Farah Hamouda, Counseling Intern",Healthcare,Counseling Intern,Counseling intern offering supervised mental health and counseling support services to individuals in the Triangle area.,approved,False,service_area,,Serves the Triangle area,919-977-0087,https://creasman-counseling.com,,,,,"[""Mental health"", ""Telehealth available"", ""By appointment only""]","[""therapist"", ""counselor"", ""mental-health""]",,,,,,2026-03-13 20:28:11.464577
159,"Ameenah Ikram, PsyD",Healthcare,Psychologist,"Licensed psychologist with a doctorate in psychology, providing assessment and therapy services to individuals in the Triangle area.",approved,False,service_area,,Serves the Triangle area,919-626-8940,https://www.breytapsych.com,,,,,"[""Mental health"", ""Telehealth available"", ""By appointment only""]","[""therapist"", ""psychologist"", ""mental-health""]",,,,,,2026-03-13 20:28:11.464577
160,"Adeeba Issa, LCMHCS, LPC",Healthcare,Licensed Clinical Mental Health Counselor Supervisor,Licensed Clinical Mental Health Counselor Supervisor and Licensed Professional Counselor offering individual therapy and clinical supervision services in the Triangle.,approved,False,physical,"Knightdale, NC",,919-892-6868,https://www.threeoaksbehavioralhealth.com,,,,,"[""Mental health"", ""Telehealth available"", ""By appointment only""]","[""therapist"", ""counselor"", ""mental-health""]",,,,,,2026-03-13 20:28:11.464577
161,"Nora Judeh, LCMHC",Healthcare,Licensed Clinical Mental Health Counselor,Licensed Clinical Mental Health Counselor providing individual and group therapy and mental health counseling services to clients in the Triangle.,approved,False,service_area,,Serves the Triangle area,919-670-5141,https://www.psychologytoday.com,,,,,"[""Mental health"", ""Telehealth available"", ""By appointment only""]","[""therapist"", ""counselor"", ""mental-health""]",,,,,,2026-03-13 20:28:11.464577
162,"Nahal Kaivan, PhD",Healthcare,Psychologist,Psychologist with a doctorate providing psychological assessment and therapy services to individuals and families in the Triangle area.,approved,False,service_area,,Serves the Triangle area,347-754-3776,https://www.drnahalkaivan.com,,,,,"[""Mental health"", ""Telehealth available"", ""By appointment only""]","[""therapist"", ""psychologist"", ""mental-health""]",,,,,,2026-03-13 20:28:11.464577
163,"Amber Khan, PhD, LCMHC",Healthcare,Licensed Clinical Mental Health Counselor,"Licensed Clinical Mental Health Counselor with a doctorate, offering therapy and mental health counseling services to individuals and couples in the Triangle.",approved,False,physical,"Greensboro, NC",,336-750-6820,http://www.healinghivecounseling.com,,,,,"[""Mental health"", ""Telehealth available"", ""By appointment only""]","[""therapist"", ""counselor"", ""mental-health"", ""psychologist""]",,,,,,2026-03-13 20:28:11.464577
164,"Aisha Lewis, LCSWA",Healthcare,Licensed Clinical Social Worker Associate,Licensed Clinical Social Worker Associate providing individual therapy and mental health counseling services to clients in the Triangle area.,approved,False,physical,"Wake Forest, NC",,919-635-9460,https://harmony360counseling.com,,,,,"[""Mental health"", ""Telehealth available"", ""By appointment only""]","[""therapist"", ""counselor"", ""mental-health""]",,,,,,2026-03-13 20:28:11.464577
165,"Suffi Makkar, LCSWA",Healthcare,Licensed Clinical Social Worker Associate,Licensed Clinical Social Worker Associate offering individual therapy and mental health support services to clients across the Triangle.,approved,False,service_area,,Serves the Triangle area,984-265-7809,https://www.psychologytoday.com,,,,,"[""Mental health"", ""Telehealth available"", ""By appointment only""]","[""therapist"", ""counselor"", ""mental-health""]",,,,,,2026-03-13 20:28:11.464577
166,"Baseer Maroof, LCSW",Healthcare,Licensed Clinical Social Worker,Licensed Clinical Social Worker providing individual and family therapy and mental health counseling services to clients in the Triangle area.,approved,False,service_area,,Serves the Triangle area,919-783-8377,https://www.acapraleigh.com,,,,,"[""Mental health"", ""Telehealth available"", ""By appointment only""]","[""therapist"", ""counselor"", ""mental-health""]",,,,,,2026-03-13 20:28:11.464577
167,"Amal Mebrat, LCMHCA",Healthcare,Licensed Clinical Mental Health Counselor Associate,Licensed Clinical Mental Health Counselor Associate offering individual counseling and mental health support to clients in the Triangle.,approved,False,service_area,,Serves the Triangle area,704-742-2748,https://www.psychologytoday.com,,,,,"[""Mental health"", ""Telehealth available"", ""By appointment only""]","[""therapist"", ""counselor"", ""mental-health""]",,,,,,2026-03-13 20:28:11.464577
168,"Malaak Mohammad, LCSWA",Healthcare,Licensed Clinical Social Worker Associate,"Licensed Clinical Social Worker Associate at Three Oaks Behavioral Health in Raleigh, offering individual, couples, and family therapy and accepting BCBS, Aetna, and Cigna insurance.",approved,False,service_area,,Serves the Triangle area,919-514-3566,https://www.threeoaksbehavioralhealth.com,,,,,"[""Female provider"", ""Accepts insurance""]","[""therapist"", ""counselor"", ""mental-health""]",,,,,,2026-03-13 20:28:11.464577
169,"Maira Munir, LCSW",Healthcare,Licensed Clinical Social Worker,"Licensed Clinical Social Worker at Integrative Wellness Counseling and Consulting in Cary, offering individual therapy and accepting BCBS, UHC, and Aetna insurance.",approved,False,service_area,,Serves the Triangle area,919-792-8846,https://www.integrativewellnesscc.com,,,,,"[""Women-owned"", ""Urdu-speaking"", ""Female provider"", ""Accepts insurance""]","[""therapist"", ""counselor"", ""mental-health""]",,,,,,2026-03-13 20:28:11.464577
170,"Ronnie Rizek, LCMHC",Healthcare,Licensed Clinical Mental Health Counselor,Licensed Clinical Mental Health Counselor providing individual and family therapy and mental health counseling services to clients in the Triangle area.,approved,False,physical,"Garner, NC",,919-276-8683,https://newheightscounselingnc.com,,,,,"[""Mental health"", ""Telehealth available"", ""By appointment only""]","[""therapist"", ""counselor"", ""mental-health""]",,,,,,2026-03-13 20:28:11.464577
171,"Aqsa Salman, LCMHC",Healthcare,Licensed Clinical Mental Health Counselor,Licensed Clinical Mental Health Counselor offering individual therapy and mental health support services to clients across the Triangle.,approved,False,service_area,,Serves the Triangle area,984-985-2729,https://mindfulreflectionstherapy.wordpress.com,,,,,"[""Mental health"", ""Telehealth available"", ""By appointment only""]","[""therapist"", ""counselor"", ""mental-health""]",,,,,,2026-03-13 20:28:11.464577
172,"Arwa Saleh, LCMHC, LPC",Healthcare,Licensed Clinical Mental Health Counselor,Licensed Clinical Mental Health Counselor and Licensed Professional Counselor providing individual and group therapy services to clients in the Triangle area.,approved,False,service_area,,Serves the Triangle area,984-214-7875,https://www.psychologytoday.com,,,,,"[""Mental health"", ""Telehealth available"", ""By appointment only""]","[""therapist"", ""counselor"", ""mental-health""]",,,,,,2026-03-13 20:28:11.464577
173,"Saphia Shaffie, LCSWA",Healthcare,Licensed Clinical Social Worker Associate,Licensed Clinical Social Worker Associate providing individual therapy and mental health counseling services to clients in the Triangle area.,approved,False,service_area,,Serves the Triangle area,984-983-5371,https://www.psychologytoday.com,,,,,"[""Mental health"", ""Telehealth available"", ""By appointment only""]","[""therapist"", ""counselor"", ""mental-health""]",,,,,,2026-03-13 20:28:11.464577
174,"Raniya Shakir, LCMHC-A",Healthcare,Licensed Clinical Mental Health Counselor Associate,Licensed Clinical Mental Health Counselor Associate offering individual counseling and mental health support to clients across the Triangle.,approved,False,physical,"Fayetteville, NC",,910-838-5996,https://www.springlakecounseling.com,,,,,"[""Mental health"", ""Telehealth available"", ""By appointment only""]","[""therapist"", ""counselor"", ""mental-health""]",,,,,,2026-03-13 20:28:11.464577
175,"Arshiya Siddiqui, LCSW",Healthcare,Licensed Clinical Social Worker,"Licensed Clinical Social Worker providing individual, family, and group therapy and mental health counseling services to clients in the Triangle.",approved,False,service_area,,Serves the Triangle area,919-629-0664,https://www.acapraleigh.com,,,,,"[""Mental health"", ""Telehealth available"", ""By appointment only""]","[""therapist"", ""counselor"", ""mental-health""]",,,,,,2026-03-13 20:28:11.464577
176,"Hira Silat, MD",Healthcare,Psychiatrist,"Psychiatrist providing psychiatric evaluation, diagnosis, and medication management services to individuals seeking mental health care in the Triangle area.",approved,False,physical,"Wake Forest, NC",,984-377-4991,https://www.psychologytoday.com,,,,,"[""Mental health"", ""By appointment only"", ""Female provider""]","[""psychiatrist"", ""mental-health"", ""doctor""]",,,,,,2026-03-13 20:28:11.464577
177,"Fatima Wasim, PhD, LPC",Healthcare,Licensed Professional Counselor,"Licensed Professional Counselor with a doctorate, providing therapy and mental health counseling services to individuals and families in the Triangle area.",approved,False,service_area,,Serves the Triangle area,770-766-7034,https://www.enayacc.com,,,,,"[""Mental health"", ""Telehealth available"", ""By appointment only""]","[""therapist"", ""counselor"", ""mental-health"", ""psychologist""]",,,,,,2026-03-13 20:28:11.464577
178,"Moutia Yussif, LCMHCA",Healthcare,Licensed Clinical Mental Health Counselor Associate,Licensed Clinical Mental Health Counselor Associate offering individual therapy and mental health support services to clients across the Triangle.,approved,False,physical,"High Point, NC",,336-324-2000,https://www.therapyden.com,,,,,"[""Mental health"", ""Telehealth available"", ""By appointment only""]","[""therapist"", ""counselor"", ""mental-health""]",,,,,,2026-03-13 20:28:11.464577
179,"Hananah Zaheer, Therapist",Healthcare,Counseling,Therapist providing individual mental health counseling and therapy services to clients in the Triangle area.,approved,False,service_area,,Serves the Triangle area,984-360-7032,https://www.threeoaksbehavioralhealth.com,,,,,"[""Urdu-speaking""]","[""therapist"", ""counselor"", ""mental-health""]",,,,,,2026-03-13 20:28:11.464577
180,"Semra Zamurad, LCMHCA",Healthcare,Licensed Clinical Mental Health Counselor Associate,Licensed Clinical Mental Health Counselor Associate providing individual counseling and mental health support services to clients in the Triangle.,approved,False,service_area,,Serves the Triangle area,984-689-1695,https://www.turntogreenleaf.com,,,,,"[""Mental health"", ""Telehealth available"", ""By appointment only""]","[""therapist"", ""counselor"", ""mental-health""]",,,,,,2026-03-13 20:28:11.464577
200,Hazzi Auto Sales,Automotive,,"Pre-owned vehicle dealership offering a selection of used cars and trucks at a range of price points, with a reputation for attentive customer service.",approved,False,physical,"1119 Hope Mills Rd, Fayetteville, NC 28304",,(910) 425-5912,http://hazziautosales.com/,,,35.0281252,-78.96067479999999,"[""Dealership""]","[""used cars"", ""auto sales"", ""pre-owned vehicles""]",,,,4.9,265.0,2026-03-15 09:43:10.674445
204,Tic Talk Toe Speech and Language Therapy,Healthcare,Therapy / Counseling,"Pediatric speech and language practice in Raleigh led by Sania Hasan, MS, CCC-SLP, offering evaluations and therapy for speech and communication disorders, with in-office and statewide telehealth options.",approved,False,physical,"3041 Berks Way Ste 102, Raleigh, NC 27614",,(919) 244-2641,https://tictalktoeslp.com/,https://www.instagram.com/tictalktoeslp?igsh=MXdpdXZuZmRuaG5pMQ==,,35.9392571,-78.5602146,"[""Female provider"", ""Accepts insurance"", ""Telehealth available""]","[""speech therapy"", ""speech therapist"", ""SLP"", ""language therapy"", ""pediatric therapy""]",,,,5.0,1.0,2026-03-15 17:51:17.8959
205,Smart Buy Appliances and Mattress,Retail,,Large Appliances at a discounted price,pending,False,physical,"4100 Atlantic Ave, Raleigh, NC 27604",,(919) 7030041,https://smartbuyappliance.com/,,,,,"[""Arabic-speaking""]",[],,,,,,2026-03-15 18:12:24.74108
210,Classic Performance Auto,Automotive,,"Automotive service and repair shop in Raleigh specializing in performance vehicles, offering maintenance, diagnostics, and custom work for enthusiasts in the Triangle.",rejected,False,physical,"1012 Trinity Rd, Raleigh, NC 27607",,(919) 233-5381,https://www.classicperformanceauto.com/,,,35.7928346,-78.7509255,"[""Mechanic / Repair""]","[""auto repair"", ""mechanic"", ""performance"", ""car service""]",,,,4.2,148.0,2026-03-15 21:21:02.741375
212,Sama Rose By Asrar,Retail,,Retail boutique in Raleigh offering curated fashion and lifestyle products for the local community.,approved,False,physical,"2857 Jones Franklin Rd, Raleigh, NC 27606",,(919) 322-1409,,,,35.7434889,-78.7383911,"[""Women-owned""]","[""clothing"", ""boutique"", ""fashion"", ""modest fashion""]",,,,4.9,97.0,2026-03-15 21:22:18.710749
213,Inline Auto Sale,Automotive,,Pre-owned vehicle dealership in Fuquay-Varina offering a selection of used cars and trucks with a straightforward buying experience for Triangle-area customers.,rejected,False,physical,"2900 N Main St, Fuquay-Varina, NC 27526",,(919) 557-0021,https://www.inlineautosale.com/,,,,,"[""Dealership""]","[""used cars"", ""auto sales"", ""pre-owned vehicles""]",,,,,,2026-03-15 21:23:08.496992
223,CLDI Corporation,Real Estate,,"Commercial real estate and business brokerage firm offering advisory, acquisition, and disposition services for commercial properties and business transactions.",approved,False,service_area,,Serves the Triangle area,,https://www.cldicorporation.com/page1.php,,,32.8750821,-117.21055049999998,"[""Commercial""]","[""commercial real estate"", ""business broker""]",,,"data:image/jpeg;base64,/9j/4AAQSkZJRgABAQEAYABgAAD//gAfTEVBRCBUZWNobm9sb2dpZXMgSW5jLiBWMS4wMQD/2wBDAAIBAQIBAQICAgICAgICAwUDAwMDAwYEBAMFBwYHBwcGBwcICQsJCAgKCAcHCg0KCgsMDAwMBwkODw0MDgsMDAz/2wBDAQICAgMDAwYDAwYMCAcIDAwMDAwMDAwMDAwMDAwMDAwMDAwMDAwMDAwMDAwMDAwMDAwMDAwMDAwMDAwMDAwMDAz/wAARCAA4AEoDASIAAhEBAxEB/8QAHwAAAQUBAQEBAQEAAAAAAAAAAAECAwQFBgcICQoL/8QAtRAAAgEDAwIEAwUFBAQAAAF9AQIDAAQRBRIhMUEGE1FhByJxFDKBkaEII0KxwRVS0fAkM2JyggkKFhcYGRolJicoKSo0NTY3ODk6Q0RFRkdISUpTVFVWV1hZWmNkZWZnaGlqc3R1dnd4eXqDhIWGh4iJipKTlJWWl5iZmqKjpKWmp6ipqrKztLW2t7i5usLDxMXGx8jJytLT1NXW19jZ2uHi4+Tl5ufo6erx8vP09fb3+Pn6/8QAHwEAAwEBAQEBAQEBAQAAAAAAAAECAwQFBgcICQoL/8QAtREAAgECBAQDBAcFBAQAAQJ3AAECAxEEBSExBhJBUQdhcRMiMoEIFEKRobHBCSMzUvAVYnLRChYkNOEl8RcYGRomJygpKjU2Nzg5OkNERUZHSElKU1RVVldYWVpjZGVmZ2hpanN0dXZ3eHl6goOEhYaHiImKkpOUlZaXmJmaoqOkpaanqKmqsrO0tba3uLm6wsPExcbHyMnK0tPU1dbX2Nna4uPk5ebn6Onq8vP09fb3+Pn6/9oADAMBAAIRAxEAPwD9/KKKKACk3DJGRkVyPxV/aC8CfAuyiuPGnjLwx4Thn3eS2r6nDZ+ft6hBIwLn2XJr8kv+DqT48WHxE/Yt+CnizwH4mku9E1nxLeC21DTLp447pVt3RsEYJAdGHPoa+v8ADzhVcVcS4XhunXVKddtc1ubltFyvy3Te1t1uXjcNisNgf7SlRl7K9lKzUW+yla19G7b6Psfs4Dkcc0m4eoplmMWsf+6K/A/9sL9lm8/b7/4OXviZ8JLrx94r8GaRfabZXouNKnZjC0Ph+xlCrGWC4Y5z9T616XhxwPQ4nxOLp4rF/VqWGoTxE58jqe7CUItKKlF39++je1ranFjMS6Ki4x5m2lvbc/fMsB1IpSQK/Cr9s7/gnf8AtBf8EKPh3D8cvgx+0F4t8WeE/D9/br4i0LWg4t0SaRIEklgMzw3UTySLG3yJLF5iMjHl09K/4LmftkJ+1z/wQK+F/wAW/Dkt5obeMfEml3E8NtdOrWdwsN9Fc24kG0usc8ciAkDdsBwOg+uo+DUMbisuqZPmEMRgsZW9gqypyi6dW3M4VKU2mny+9G0mpJN3StfneYcqmqkLSir2vuvJn7F0V5J+wFcSXf7CPwUlmkklll8BaE7u7Fmdjp8BJJPJJPc163X45mGEeFxVXCt35JSjfvZtX/A9CEuaKYE4FfLf/BRj9qjxd4O+Ed94c+CEX/CQ/FfUNesvC8MFrCJ30ae6gkuvMcOPKDrbws58w7Y1dJJAExu9++NHxEg+EXwg8VeKrqPzrfw1o95q0sf/AD0WCB5WX8QhFfD/APwbp+Orj4i/sufEfVtYvjqHiTVviFeapqc8hBlnkuLOzcyHHTc/m/iDXzWY4tuvDL4S5ZVFJ3W6SXTz10fSx+l8HZAqeV4njDE0o1qWDqUYqnL4Kk5tu07bwio+9HTm5krpXPF9I/4NxvHXxggm8S/Ez41qPGmrHzrxo9Ml1o7z0L3UtxE8jY4I2ADHDEV88f8ABwH+zJq/7G//AASu/Z/+G2s6lp2sXPhrxhrAivbNHSO4hmNxcRsVblX2ygFcsARwzDmv31r5X/4Kmf8ABKrw1/wVS8A+F/D3ifxTr3hi18LajJqMMmlxQu87vF5ZVvMUgADniv0rwLq5FwhxvgOIMWnCnScueS5puzhJbXd3zW2Rj4ieLnFnGGUvKM3rxnRjKM4QVOnCMHFOKUXGKdlGTVm3959SWoItoweCFFfjb8OVJ/4PEPHuATjQIifb/imrCvP/AI8/8G5P7P37LXxi+FXhjW/ij8WbjU/ifrJ0vSWs7GwlWCaNoRulUqCI900YLLnbuyRjJH1p+3b/AMG2/wAPf2/v2q/FPxb1/wCIfjTQtV8WizM1hYW9q1vb/Z7OC1XaXUscrAGOT1Y9q/WOCsbwBkGNx2DpZ1OtTxWErYec/qs4ulOcqMoe57STnzRUnvFLlSb95H5nmOV5pDDYfF18PyRqPnpttWnGMpQk0/KScX5nV/8ABx/+0d4U+Dv/AAS2+IPh3V9VsIvEnjyK20nQ9KeYC5v3N3C8ronLbIokd2bG0EKuQzqD+ef7aPw11b4Vf8GnvwD03WbdrW8u/E8GrpG3X7Pez6ve27f8CguIm/4FX2N+zr/wak/s8fBnx7Ya/wCJdV8a/En+zphNHpWr3EEGlzEcr50UMSySAEA7TKEboyspIP1l/wAFK/8AgnH4e/4KW/s32Pwz17XtW8LaTY6vb6ulxpcUTS7oY5Y1jw4KhcSnoONo7V6uQ8fcJcM/2XkmWYipiKFLGLF1q8qXs9VT9lGNOnzTlZRbcm3dvbTRedVwtetz1ZpJuPKle/W+r0Ot/wCCfX/JhPwQ/wCxA0H/ANN0FevVy3wO+Flt8DPgp4P8E2d1cX1p4O0Sy0OC5nCiW4jtoEhV3C4AZggJwMZNdTX855ziaeIx9fEUvhnOTXo5No9emmopM4H9qn4fXvxY/Zk+IvhfTQG1HxH4Y1PS7VScBpZ7SWJB/wB9MK/ET/gin/wUDsP2If2gNR0fxdM1p4I8drDa6hcMONJu4mYQXDekY8yVJAADh1Y/6vB/fhhuUjpmvyp/4Kqf8ELda+JHxC1b4k/BiC0uLzWZmu9Z8NTXCW5luGOXuLWRyE+cks8bsuG3FWO4IPzrirAY32lHMsvV50r3XdPy69U1vrof074A8WcM/Usy4I4vmqWFx6i41G0lCpC9m5O6jryyjKXupxtLRn6naNrFr4g0q2vrK5t7yzvIkngngkEkUyMoZXRhwykEEEcEGoPFHirTPBPh+91bWNQstK0zToWuLq8vJ1gt7aNRlneRiFVQBkknAr+fr4J6B+2t+yrI2i+CPDnx10CyglZfsUGg3l1paOxyzrG8T2+SerqOe5r6k+HP/BMb9qn9vzVbSf8AaQ+IWveH/BcUsc8mjtfQvd3eMEGO0g/0WFsFh5koLoT/AKthmlhOLK+JjyUcJP2nZ6RT85PZfIef/R9ynJKrxWY8RYVYPdSi3OtJf3aMW+ZtdptLd6Hpn7N3iyb/AIKnf8FUZPi5p1vdt8HvgZbSaX4enniZI9X1CVWBmCt0J3tN2ZVhtNyqXIr9JFUKoA6DiuS+BnwK8Lfs3fDHS/B3g3SbfRfD+kR+Xb28WSSScs7scs7sclmYkknJNddX0OV4KeHpN1pc1SbcpPpd9F5JJJeSPxrjvifDZxjqccupulhMPCNKjB2clTi27za0c5ylKc7ac0mldJBRRRXpnxIUUUUAFFFFABgegoxRRQAUUUUAFFFFABRRRQB//9k=",,,2026-03-16 13:37:41.261163
224,"Carolina Clinical Services, Inc",Healthcare,Other,"Virtual healthcare management firm offering clinical staffing solutions, collaborative practice opportunities, and administrative support for healthcare providers across North Carolina.",approved,False,virtual,,,7868836848,https://carolinaclinicals.com,,,,,"[""Telehealth available""]","[""telehealth"", ""clinical staffing"", ""healthcare management""]",,,,,,2026-03-16 13:44:10.787387
227,East West Inn LLC - Desi Clothings ,Retail,,"East West Inn LLC, Registered business with Secretary of State, N.C.
We are home based seller in Raleigh, 27603, North Carolina , USA
>>Visit home store option available by appointment , Flexible timings 
(Shipping available to all USA)

Ready to wear new stock includes:

Ladies stitched dresses 
Ladies Abayas & Scarf
Ladies Shawl
Ladies purses, clutches, potly bags

Men’s Thobe 
Men’s Shalwar Kameez
Men’s Weskot 
UMMRAH IHRAM
IHRAM BELT
topi/cap
Miswak/Sawak
Leather socks - Mozay ",pending,False,physical,"5004 Chase Hill Way, Raleigh NC, 27603",,9197985470,https://www.facebook.com/share/1AWoYbovhk/?mibextid=wwXIfr,,https://chat.whatsapp.com/DYye0z9PN9d5dDL6R7AsGv,,,"[""Urdu-speaking"", ""Women-owned""]",[],,,https://www.tiktok.com/@eastwestinn_llc_clothing?_r=1&_t=ZT-92u3OI9P9G1,,,2026-03-16 15:07:12.522337
228,Sobia’s Doula Services,Healthcare,Other,"Birth and postpartum doula practice serving expectant and new mothers across the Triangle, with Urdu-speaking services available for South Asian families.",approved,False,service_area,,Serves the Triangle area,919-307-5854,https://sobiadoula.com,https://www.instagram.com/sobiadoula?igsh=ZWlsaW5hYTNkejNt&utm_source=qr,,,,"[""Women-owned"", ""Urdu-speaking""]","[""doula"", ""lactation""]",,,,,,2026-03-16 16:11:16.551706
231,Chai Street & Co,Food & Drink,,"Pakistani chai pop-up founded by Faryal Ahmed, serving handcrafted masala chai at local events across the Triangle and offering signature blends for home brewing.",approved,False,popup,,Available at local pop-ups — follow on Instagram for locations,,https://chaistreet.co/,https://www.instagram.com/chaistreet.co/?hl=en,,,,"[""Catering"", ""Women-owned"", ""Urdu-speaking"", ""Available for events""]","[""chai"", ""tea"", ""Pakistani food"", ""pop-up"", ""masala chai""]",,,,,,2026-03-16 20:00:47.652916
235,Air Quality Air Conditioning And Heating Repair,Services,,"Family-owned HVAC company in Raleigh serving the Triangle since 2003, offering installation, repair, and 24/7 emergency heating and cooling services, with Arabic-speaking staff available.",approved,False,physical,"7203 Holly Springs Rd, Raleigh, NC 27606",,(919) 791-9898,http://airqualitync.com/,,,35.7282574,-78.7465843,"[""Arabic-speaking"", ""HVAC""]","[""HVAC"", ""AC repair"", ""heating"", ""air conditioning"", ""Arabic""]",,,,5.0,237.0,2026-03-17 01:56:33.112787
236,Corsa Detailing,Automotive,Detailing,"Mobile automotive detailing service serving the Triangle, providing interior and exterior detailing packages using professional-grade products and techniques.",approved,False,service_area,,Serves the Triangle area,,https://corsa-detailing-nc.square.site/,,,33.7755325,-117.91881289999998,"[""Detailing"", ""Arabic-speaking""]","[""car detailing"", ""auto detailing"", ""mobile detailing"", ""Arabic""]",,,"data:image/png;base64,iVBORw0KGgoAAAANSUhEUgAABLAAAASwCAMAAADc/0P9AAAApVBMVEXu6t+kprMzQHQIGVsnNW2WmqzgraLQaF/eakbqnHfrn3vnnHijbWZnb5Ktr7q6DgXVRCDoajRwPkklM2xCTnxfaI16gZ2Xm620tb7R0M7Ov7npeknsyrTqil/rmnTt2srqqYnrup++qaaQaW+uk5Te1czp08jpyLns1cTu3c3l1cjZycHX1NF7gZ2Lkac+SnqEiqK8vMJeZ4x8gp4iMWouPHEgL2ktmwLoAAA/gklEQVR42u3d66KzPIImVk/25JzMpBt72051dVclk3OcZCaH+7+07KMtQGBAEiC/a/2p+l5vYyHEY0nIcDgAAAAAAAAAAAAAAAAAAAAAAAAAAAAAAAAAAAAAAAAAAAAAAAAAAAAAAAAAAAAAAAAAAAAAAAAAAAAAAAAAAAAAAAAAAAAAAAAAAAAAAAAAAAAAAAAAAAAAAAAAAAAAAAAAAAAAAAAAAAAAAAAAAAAAAAAAAAAAAAAAAAAAAAAAAAAAAAAAAAAAAAAAAAAAAAAAAAAAAAAAAAAAAAAAAAAAAAAAAAAAAAAAAAAAAAAAAAAAAAAAAAAAAAAAAAAAAAAAAAAAAAAAAAAAAAAAAAAAAAAAAAAAAAAAAAAAAAAAAAAAAAAAAAAAAAAAAAAAAAAAAAAAAAAAAAAAAAAAAAAAAAAAAAAAAAAAAAAAAAAAAAAAAAAAAAAAAAAAAAAAAAAAAAAAAAAAAAAAAOzUv/qPACb6V1sH1hvARAILqIbAAqohsIBqCCygGgILqIbAAqohsIBqCCygGgILqIbAAqohsIBq7Cqw/vV/DNDyr/cbWBsXBtgdgQVUQ2AB1RBYQDUEFlANgQVUQ2AB1RBYQDUEFlANgQVUQ2AB1RBYQDUEFlANgQVUQ2AB1RBYQDUEFlANgQVUQ2AB1RBYQDUEFlANgQVUQ2AB1RBYQDUEFlANgQVUQ2AB1RBYQDUEFlANgQVUQ2AB1RBYQDUEFlANgQVUQ2AB1RBYQDUEFlANgQVUQ2AB1RBYQDUEFlANgQVUQ2AB1RBYQDUEFlANgQVUQ2AB1RBYQDUEFlCN2gPrP/lPs/vP/vP/opj/8r/6r4GIf/NnBNa/ze6/+YeC/vENiBBYAguqIbAEFlRDYAksqIbAElhQDYElsKAaAktgQTUElsCCaggsgQXVEFgCC6ohsAQWVENgCSyohsASWFANgSWwoBoCS2BBNQSWwIJqCCyBBdUQWAILqiGwBBZUQ2AJLKiGwBJYUA2BJbCgGgJLYEE1BJbAgmoILIEF1RBYAguqIbAEFlRDYAksqIbAElhQDYElsKAaAktgQTUElsCCaggsgQXVEFgCC6ohsAQWVENgCSyohsASWFANgSWwoBoCS2BBNQSWwIJqCCyBBdUQWAILqiGwBBZUQ2AJLKiGwBJYUA2BJbCgGgJLYEE1BJbAgmoILIEF1RBYAguqIbAEFlRDYAksqIbAElhQDYElsKAaAktgQTUElsCCaggsgQXVEFgCC6ohsAQWVENgCSyohsASWFANgSWwoBoCS2BBNQSWwIJqCCyBBdUQWAILqiGwBBZUQ2AJLKiGwBJYUA2BJbCgGgKr8sBqmuPx9P7+fj5fPly/3Pf7+z+vl8v5w/vpdDw25ZvUo0TnfokOvyVatUg791Fjp1Orwg79Q3j5ra8/u8IEVp2B1XxmwuWyoPquHy3/dMzfkpaX6OOkvHyci3/cifiRUynHsMRB3D+BVVtgNaf386JYaPto87la/Md5l6NEWcu0b83HQcxxDK/n8x9RXwGBVVFgNe85mnngmhoQeU68bqEmlqnJ+JnrDVSzV9nHQcxV2FxFKlV3bwKrmsBq8ifDt+v7wswqVqLP/JhSqFOpj/8tRPZx18c3TqGyLj2ILdmOZ8466xBYFQTWx5iraI1e3xecetf0z00sVOkS/BYk00C1YMB/FfOUWsBjtrJkqK0hAmv3gdWcy9fpvMhqyubnvVDnZrQYqxTityyXxD5M8YBf9L3Tkq+EaeUYJbD2HVgrZcOM1l6+bxUUaiyyCo8II6W5LE2EtY5iUmRlLGNCKZ4RWHsOrDU6V3fnPZ16v0ZOwaIDrKHinBcMvJoVS3ptliZBvgGhwGr7YwJrzYb+6XljXzuuRku1flG+yzOzF7Pql05CYuVsbCWS6ofA2mtgrR1XH67j0zQrn3r3UsU7NauPCB8FmhFZ69fZwmFh1upsBFbgjwisLfoyT76eNynRV6miObpNev6UaGoobJGq10VXB7IWQWCF/oTA2qr7cB1sKM16U+39UsVOwe2K82lSYm3QSf6qrgU5kLekAiv0BwTWf7tZ5Q7NvG/WvfoS6fltNyIcLFJXzmnsWSZdPilZVIEVevnA+ss/bVe58fHERl2Fh/4puOWI8Lumnp2VG06yzQ6MzN1ngRV69cD666a1G/t23nI4+KOXo1sX6GksbNknndvFyl1WgRV68cD6521rNzIBstnQJnDplGnrEeGn0bmiTfukM2exMv6K/JvACr12YG2cV5G+zB7yqleszUeEn0Zm3jcu37wQyB6uAiv00oG1eV71zsJ95FW3WNsPUg9jCwi2ztNZKxvy91YFVuiVA2vb+asvnfmP7MOFhdqjnD2MCA/9geqvba+pfpj1A6L8Hy+wQi8cWDvIq+5JuPX1wV/twNq6BxMt1N32ndI5q90L1KXACr1uYP3lXzau2k/twNpLXnVOgl2MCA9DPZntSzcjsEqkq8AKvW5gbbj+6qEVWJuPbR7CaZmdjAgHxoQ7CPkZgVWitAIr9LKB9beNK/ZbeA5uP7Z5CDszOxkRxseEe0jT6XNYRb6SBFboVQPrLxvX649w0n0HfYW7sIe1/ZjrV+SU2kPhJidGmWsqAiv0qoG1iwFhK7D20Fe4CwNr67LES/VtF6PoyYlR5itJYIVeNLD2cIXw02M0sZcVDd+CaNhRkPYCax+VNvX0LzTmF1ihFw2sPVwh/PQIrN3MFH0JToI9DLp+9AJrF5U2+beEhWpSYIVeM7C2X+L+49HYti5JW3DQty5KYIc/yj5Mn3MvNXwVWKHXDKydzGAFwbCLvsJdcD1uRyPCXmDtYgZramAUG74KrNBLBtZuOliP0cTWJRkq166uXXZPza3L82XoF0NdxSpSYIVeMrB208G6jyb20Ve4CwJr66KEOqfTPjp/E6ewyhVWYIVeMbB2sgbrEJyBO5rZ/vQYe+0jFL51F47uo/M3MS/KHWGBFXrFwPr7xnV6d/9y3lMsfHoc8j3NrXX7MluX59u0U39WF3pepQus0CsG1l7WNDxGhHuKhcNuR4SdwNpHyk8bEc6acb/O644JrNALBtZuptwfTS3T9nINOx4X6vcRCr1ifcmxt+nbmLaoYdbo9Thv18rllcDaRWBlGBFe3j9neZrmlDSNknNEeH0/Nl9Fes9wHt+DdF9dv87ZlLKp6/t3fb191dnxdF58ICed+LMO8HlmFgus0AsGVvKIMLydSMozbvKNCMPbB2d4jHWeUMgt24jwPXY/mIVfPtNGhHOHeAJrsdcLrNQRYWfdTUJiNZli4Zr5mRGPkzCl63cNJZaoU6wvC/tEIw++X/Jbv0kjwllfIe9zG4TACr1eYCWOCHvtffFJnWtE2HtkX+qTDR/bS4m+9qncnJK7kZ1YXraR0R7RgsXozdtz8zY7e98EVuj1AittRBj5Rl0aD5lGhJGV1omDwvRda2/l97xNzNH21hal/PXJA25mb3TSiHBWX/AksJK8XGCljQhjI4CledPkiIXobTjT7mOSZ0QYOZXTEuucXuvP8mp+F2vKiHBWLV7nF0NghV4usJJGhNHfjS3sz9y3lTYibCIlSvud7eOszjci/JYUpOkjwqd5NX9irHm6xZnfR8f59SSwQi8XWCkjwviDphYGzn0yLGlEGD8HU7aYaUQYPZVTVoGkV/qEB57O3eMJJ/2s77PL/J27TijDUgJr88BKGhHGW/zCwLqf0SmxMHCrgJSdfAy9UjpE8cmdhMm19BHhlPmm/Juc19s9zm9RAqvl1QIrZUQ4kA4Lz8LftyeNCAc6DSmbzHMT1PjkTkIEpi9zn3CCzj0WE6awZnUqLwsqXmC1vFpgpYwIB9Jh2Xl9Tnt7ZyPZcqHoiDClYGnJcpjWwZp7LJ5vcd4eHxcUQ2C1vFhgpYwIh1r8svP6mPb2zkaST+fYXiZsZaAzuvxqQPqIsJlwgqYVKrlxXJa8SWC1vFhgpYwIh/r/y7aWI1yGbnaZZyyXUrKBulq+yUpHhPOmC363tyjlShBYWwdWyogwUyv/lmVEOHTC5FnvmXJJr8lZV+1iLdxOiRFh82yD83qU977SrHcJrJbXCqwSI8JliZNlRDh0wuTZy4StDIX74quE6SPCKUs8Zx6L5xk4L/N/izhv3ktgtbxWYKWMCIdW8SxLnN935186kGssl3mZ+4ITOFqspXU+YRHW3Bm2pxk48+Auq3mB1fJagVVgRLisI3I/o1N+9jd0wuQZy6Vs5ZizrtrFWrqd5u2puRH9dJPLOlgz24TAanmpwEp5QH3e7syfOSJMv7HF8u08TZf8y9xnFvP+vnkD3skPnl5AYG0bWPsbEWYKlzyxcCg9Ilx8gaHTl1zS+Wuen56Z9nLh9h73LZrXpARWy0sF1v5GhAWWDmQaEaZcvcwb7occI8IJc1hzj8WzLc6swaXVJLBaXimw9jMivGfNHzUiXLzNzjTNojp/HliZl7nPnHFfXPUCq+WVAitlUcNQe1/WnckcLumn84+yI8LF2+z0JRd1/obvjLzwWDwLipkto7m/cXnSZSewNg2sP2NEmDKWa7JsJftYtWlvZ9E2nl5My7zMfebmzovf+TyJlxNYmwZWQjUUGhEWWEyeaSyX9ebIqSXLUedPf3KXeZn7zAo8Li6IwGp5ocB6rRHhUI8hz1huVyPCDDdHPjyfxMq7zH3m+rrwaAqsFC8UWEaEzzRZtrLLEeHTMWHeEeHcRfNhms5MzmmPnl5GYG0ZWAm1YES4Zcly1PnTMeH7dZ5mdGszj2wrTGful8BqeZ3AShkR5u3O3Nt6yoEZKJER4eyCFTD3F6KnTO/NTWBtGFj/lFALQwd00cayjAizLyY/lHxcTtI2O5NPizt/Je901zG36xy+N/f61RQCa8PASqiEQiPCXS0mP7z4iPCwYhdrbhlb8+ZzW4XAanmZwDIifKbk43J2MCKc9FzCPObmfRO+WWAleZnAMiJ8pujNkbcfER7K3oklMPeWQe2DmZR2mQms7QIroQ6MCGdocpess52EopVds3Q3+0kb7SrLVeE5CKzNAsuI8JnXvRXWwyqDwrkz7u09nL2DzbJSTiKwNgusEiPCRZ2G+7DkNUeEe7wVVmCFK4WzJwDbITq78kvui8DaLLASquCPGxGWWM+6ixHhYY0rhXNrr5Ohs5tFyX0RWFsF1p8xIsx0dW9PJcs6IvxUehprdglTn69RcmcE1laBlTIibAaOZtrNkXe1mPxQekS4+FkbOW6F1XItuTJ8SavovH/2/pTcGYG1VWAl1EDedNjtA1Sb+1ZKPC4n182RU/bwR9mJ99nJ3Glesy8xCqy21wisHY4Id3XDqd3eHLlzOqeMee+e/G45zezSdAoz+2uw6NoygbVRYKU8LmeoeRsRrlCyU749fCiYWLO/xbo1NruHJrDaXiOwEipg6Bxc9mVfdES4/eNySt8KK30K60uxxJrfKLrj0+TEy0pgbRNY+xkRZnmA6lDzSthkHSPC1FVYd6USa3b5ev2j2e1CYLW9RGAZET5Tx4gwx5z7tzKJNb+D1fs6zFbnWQisbQIrYf8H28PMG1R++0NHhIu32XQ2lFC2jiKJNf8IdLcwP9qLrisTWJsEVokRYaJd3XDqsNdbYZ1z7mJHgcSanza9HZy/Xq3osjKBtUlglRgRptnVDacOu705cvqAaUT+xJqf9b0izO+LCqy2VwishN0vdNF4V+Ouw25HhL0tJRSuL/cK0vm9o37Cz888gdX2AoFlRPjUPkuW43wec807/zO/AMci28hIYG0RWPsbEWZagNDygiPC/rmYa1nDj6yJtaAfmaOqCrXQbwJri8BK2f0y7WBXtyA+lH5cztKUueTdyah8ibVgWrJfYQIrWf2BlTIiLLTIZU/jrk9FSzb757y/IgG4+KYPg7Il1oJY7lfYgkBuZpd0BoG1QWC91ohw6Mf5298ceahkSztYse1l+fHz4M6nWFCyyCcv+L4o00J/CKwNAitl78s0g13dgvgQjggLlGxxxkRnkxPKNyTP8oYFsRzZwQXFL9NEfwis9QNrhyPCErcgTjnGj60UGBFmnMFKrLohORJrQdJfsmyl7E3qBdb6gZUyIix0yTjleOQ7Ye6K/vB58axTvO4LjAmzJNaCpI9M0eWJvYwE1vqB9S8JO1+mFextRFjyh8+LZ9wHdnTx9kYlL29YUnF5jmLZh2oIrNUD68VGhPt9XE60ZMvzpRnY0ewLG76kJtaC6j+X20w+Amv1wDIifKbgiLBZnICDVV+mi5W4vGHJuLfJ0zIEVkftgWVE+Ey5EeHyCaeRX0SVmHb/lJJYmeprSf2XfWqZwFo7sIwIn2ruW8m8zH35Ks+xmeQi0+7PPnTcknqLRfKSCiv70DKBtXZgGRE+U2hE2CQsSh+PjlJdrMUXCxeNUmMbyhV8+QistQPLiPCZPCPCyzF0ek9JlSdLi0rNYi1OrCW1Hx3JLeknF71Zg8BaO7B2OCLc7wNUy1yAm+3pUshy5VyUWIvGqNEPyrahbATWyoH1Z4wIU/ocmUaE+TyfSmry3hUrtCSxlnQmo1+Gi3q4Cwo8g8BaObD+jBHh9o/LyWfK1HfBks6/C+miDlb0Uxb1HMu00l8Ca93AMiJ8qslSsmymXaUvWNTZibVoti7bYSz7U0KBtXJgpYwIC11+STkWBbYZdGjKDbQmm5oWBQeFcxe9L+pgxT9iyZbK/pRQYK0cWEaE07e5gxHh9KgothjrMDexFnWwmmyHsexCd4G1bmD9NWG/KxoRbv8A1SxmDcby33p0WUEypozAyqLmwNrhiPA1b46cwcyR2PJfKU4py/TEWlSMeNta9I1R9pc5AmvdwDIinL7NbUeE8++WUHIaa3piLau1+LYW7VDZhe4Ca9XAMiJ8Ks/jclJdl5x25Ra8H6avx1oUMgNta1FBBVZXxYH1t4TdNiJczXszoeIiSk68T0ysZR2sJuO2yv4yR2CtGlhGhDO2mbCVBNf3hG+GoqPYSQuccnawlnVxmzIN9ZfAWjOwEva6ohHh9o/LWer6ntg/KHmpcEoTWFZpAwdyWRe3TDu9E1grBlbKMncjwsKu5xzXt4om1vMCZs2YZYUs007vBNaKgZUyImyKHP6UWZehJc31jQiv76k9q4eiifXsW2tZ1Z9zbqzwQneBtWZgJez0HzIi3OKHz3mrNuU2gU89m3hf1sEaCOtlx7HwulGBtWJgGRE+9dhKyWWYHckzVy1lE2v0oxeGfNa2IbB6qg2sf0rY6abI0U+6Dp/3rPmy2TXCReuuBhRNrNFprGURM7TJAgXMQGCtF1gJ+1zoe+s1b468SPKTSx9KJtbYiveFddZk3VrhdaMCa73A+kNGhNXeCmv+nfKGFE2s3Ecz8xdP81aWwFotsPY3InzRx+Us//xc1VwysQZ7gpm7RAu/eAq11DuBtVpgJeyyEeE6so0LCybWYBcrc8IsLF6ZlvogsNYKrB2OCF/zAapJKkisrMumcv++qvANkgXWeoFlRPjM1iPCL0ufXdpTLLEGSrjwmyLzarrSqxoE1mqBlbDHhVYPGxHGZBsWFkusfE/kOmQfEQqsvjoDy4jwqce5s+nNkXefWNFh18KKz/37qtLLsATWWoH1Z4wIM/02ceObI+89sSLfFksDJndPufQyLIG1VmCl7HGZQ7+3EeF7lpLlkG3de6EdiXSLlvaWm4GSL/3KaN4KE1jrBNYOH6CaMiJ88QeoZltDWuYepP0x4eJkHCj34rs9N2+FCax1AuvPGBFWeiusvmzXCsvc572Xp0u/fLLfNLZMUw0IrHUCK2WHyxz5/d4cueit0SfKtp6oyLN0uvW/uMZyP0ak9N2wBNZKgbXDEWGJW2GlnJz7eFxO/lovkVjdOF08uh8q9Oa1NkhgrRJYKQ9QLfQYkpRDUHab248ID1l/Cp1/fzqBtbiDlb2nXHxVg8BaJ7BS9rfMgd/viHDDZe6hfKObAonVtD5gcZc0+01ji69qEFirBNYfMiLMsxJ160UNz/ZyvvyJ1e7+Ld5MM1Dg7BvMR2CtEVgvNiLM3s4PuW6OfL20pZQo4+94sydWq1Es/u65HOOWL3gt01ZDAmuNwErZ3TLH/UVHhE03KU4JUZHxqyJ3YrWKlnfTKYrfq0FgrRJYRoQztpk5ShOiIuc1+syJFR6CvQyhD2tcJBRYawTWDkeEr/m4nFiULl/VlbW/kDexwlaxi4uq38pfJBRYawRWyt6WOex/yIjwy/IEzHrNK+ua92BHd9TBWuEiocBaIbD+kBHh9rfCilfW8inkvOu2cyZWsNkVH+D4VFOmtYYEVvnAShkRDqXDcZH72/c7IswfpTsZE2btC+XYuwLy1leUwCofWAWawMJmmuPUyX3Lt08lR4Qpp3TzllW2xArqaxe/Y/pR/peEAmuFwCoxIlzWTM9pb/+23xHhwPmSEFi5r3jkuqNfcAwybTGLFS4SCqzygVViRLhsSHdMe/u3ZqBICZvMdCusgWtUOwqsJtOEU576ym6FOXeBVT6w/iVhX4cOW9rWkoYmAyXKNCIsEKUJJct+BmZa3JCnvrIrtASnRWCVDqwSI8Jl52CWEeGOH5czULKEcVj+dUVZLhU+jsGe1jSscpFQYBUPrP2MCE9pb//WZC1Sd5s7i9ICCyFzRMyjJ7OnNQ2rXCQUWMUDa38jwqQr4QXOw0yPyynw5LESkzIZMua+rV2taVhlzl1glQ4sI8Knyo4IU07qpsAZlz4ofByDXU25rzLnLrBKB1aJEeGyL+ksI8L9PkC1xC+GipxyyYPCR7NI3VJezfI6mU5gFQ6s/Y0IS9wcOVPXqESUJgzByiyETF7bkKfW8ytSW10Cq2xg7XBEuLcHqGZ6XM5QCy+wt4kSB4WPUu1ryn2Nde4Cq3RgGRHO2Obe7iFRalImberpXqp9TbmvM+cusAoHVsqIsBk4Zsu2lvj2zkbaMnWNUmKvxF0Fhw5AqrQu1n0z+5pyX2fOXWCVDSwjwjnbTNhKiRFhuTFOSoo+6iulugpoilVXSGAVDawdjghz39Hz02uOCO/LRpvTPE9/opLSIz3l2LUSVskrgVU2sPYzImzS3v7tLWuRutssEaUpfb9macGeBlbKmLDJsWsFrDOFJbCKBtZfCzSAHY4Id3ArrKH2nWWbuQrzsDxsdjsiXGcKS2AVDawSI8JlbX23I8KSN0fOtM25G5nQ11jexdrtiLARWAMqCiwjwhnb3NuI8Lh0IxP6GssD634g97UIa60pLIFVMrCMCOdsM2ErRe4hsbhgU867xQXLUl0FrDSFJbBKBtYOR4R/zANU822zwIhweZ1l+eYpYaUpLIFVMrBebESYt0jfHlvZ7X3mC4wIl5fsPk79Q0eEAqtkYCXsZN5n0xgRzrd4I5POu6W3Qc1SXQWsNSIUWAUDK2WZuxHhDEPpnrI+s+yIcOnu/vEjQoFVMLBKjAiX9RnuW0up96Ei5dnmnzUiXNrD2u2IsJm01wJr14GVspMDh2vZF+sl7e3fCo8Id3uf+bkbmXbqLszS+/sT9qyEzM/IFlhbBNZ+HqD6nvb2b/t9gGrRW2HNHVZOnMxZlqW7HRGuNoUlsMoFlhHhjG3u7ebIhUeEqc892tnvCNcbEQqscoGVso95T8EcZ3Dey5a9bZYYEWa5FVaZEeGW9zQrYbW8EljFAitlRPjfDRytZV+sf+jjcvLcCitTNXVsuDqlhPVGhAKrWGD9U8Iu/vcDRytxRFji5sgJm6xhRDh3IxNHhBuuTilhtUUNAqtcYKXs4j9mPQVznMF/1uNylv/EuHmbJLFUKdVVwnp5JbBKBVbKiPDvA4G1wxFhnpv97vceEjPfN/HyvhGhwBq1QWCljAj/Fg+shfckufdAUr6X36MlSnv6RJN4An+r74fPL3eNcMURocAqFVgpe/jP8cBKXGyY9L080CaTFlynnsCjJctzK6y5+zft1F1YtCZHdZXQTNprgbXnwEoZER7+Gg2shR2sLCPCgTaZ1MF6wRHhtMBaWmtZdu0cl2loL7AiqgislBHhQGAtbFNZRoQDM9tJHaz9Pi5n+WTRlMBqFh6IorfcWHr3iKk7nY3AKhNYSXsYDazUG5KkPSc4GlgprXzPN0dePlk0MNUXapbubZZvnmagVCW2WYTAKhJYSSPCaGAtvQt4nhFhNLDSIrDwiHCTmyNPuEq4OK+KPrq7yDaLEFhFAitpRBhb1rD4qQX33kLaTG2k65D2wPVXvDny4fkjCZeHfA03YRRYMTUEVtoe/ksvsJaHw30TaUXqdx0S8+oVb478WU/jiZUwiF78EJ/S1fX0sbECa/eBlTYiPBz+Xecobfy9/Ok9W5E6BdvfzZGblI2MJVbSnF+W6hoqWYltCqwfFQRWyuNyPv0PrXhoEhp6phHhx4mYrUidgpUZjuTY5tLbGMcjq3lPOgRGhAKrXGCl7+T7vdWnZUOOMzhzkToFKzLE2eRWWHfX905mNce0tMpSqkPpmzAKrLj9B1bqiPDL9fx+en9PvHd33p+fZSlSp2BlRoSb3AqrXVeX8/n9s7rekxZl3r3lKNVQdWW5pCqwBuw/sFJHhPncv/729tCCCkaEqVcVsjIiFFjlAivl5sh55TiDyxZsvyPCXd0ToeiIsJpl7gKrSGD9deMKeqjhhiQlhjgpZ3WTo2DZFa2uapa5C6wigZVlCiuL3d6QJM/vCAfXlacULctGclv8EJ/S1TV0q3+B9bD7wNrPFNa9mnbVW2g1873dHHmfndIsq0ZfYQpLYBUIrN1MYT1a09Yl6QgmPvY2Itzls5Uvu62uoW0KrIfdB9bG9fPwGHhtXZK2YGyStGB+qFFv88PngvIcyKLVJbAG7T2wdjPn/vhe3tXwptXBKjHE2eSJzyVdsxzIotUlsIbtPbB2M+eeZ2Y7v3Dyt8Tjcl5uUcMj4EvcOSxLdQmsYQJrmmBmO8NPaTIKgyZlO0NtOqXXlmUjmV0qqC6BNWzvgfW3jevnV5ALuwqs8Ep4kSFOQq/tsc0dBVbZe0nXNSIUWC8bWGEu7CqwmjzZMnwfpoRtPoY4+wmsIBV2+6sAgTVCYE0S5sKeAqvVyFM2NNSkU87AR6XtZ1VDpupqilaXwBq298DaxxxW6/ZVO5pBvuQq1+BwJKEbEmxzNxl/3G91bTCFJbDyB9YuljW0fzKxn2v07XKVuOiVMswMtrmXjA+/eIrctirLjJ/AGrH3wPrLxvXzpWkd5f3cKaVdrpQtDTbpPKXbSca3Ar7Ij5QTtrnu3dwFVqHASnxkThbdprSXGZl2uYoMcVI2ursqu+bas2vp6hJYg3YfWH/buIIiD+XayYxMJ0eLDHHyTGHto8qu2aqr8IyfwBqx+8DafEzYb0n7GBN2+30p22oKnIGnnVVZp1tUZESY0JGc8JhrgXWoILC2HhPGvvl2MMDpPQCrzG1NEk7rJlvx8lRYZ89StlWiuraYwhJYJQJr2y5W9Fzevr9wbbplKvOsloSNdqps45Dv3huvTL5nqy6BNWT/gbXpLfwGvve2npKJnDIpm2uGGnRCMneL2Gx628PegKvIGpCM1SWwBlQQWH/Z7B5+gw8e3vbsu0bOmDI9hoSt9sq4Ybc0chxTNjdYXQmrNzaZwhJYRQJrs8QaucX2lokVLVaZEWFCYDX9Otuqws5Zd2ylfBdYcTUE1jaJdR2dBt0ssQaKVeZZLQln4G7qLFphu8v3taPqm8AqE1j/8Jf1LxU+66PneML8fNeBYqX0GEY6kss3e95JnQ1UWMommwLVtfrzcr4JrEKB9Q9/+du61TJlSmE3Z99bWo9hZF+Xn4ED3ZCVLxaWyPeR6fHlc1jbzLkLrGKBtW4na+IMaLPubZ6uI8Uq9PTO5Wfg4EZP640Ly+T7yGzT8uraZgpLYBUMrNUi6zrjgs16kXV9b0bKUeRxOW8p8+QjGz2t0ssarbBC+b68usYObkECq2RgfURW8SVZ47kQa6NrRNb1/ck66CI/jPu0NFvG52SKz2VdL6PfOkV++Jx0HFJSJ4HAKhtYH5H1zwW7WU9zIX72ncpm1pQMLXJz5E9LT+2nczLNe7Gh4fPDWCzfl3axNppzF1jFA+srs/5eILSu7wlL9z4yq8gw56OjMC1CUz7kya4t2+iUOZkSSf9xGJvnn1xoRPi2eOXGRnPuAmuNwMoeWpNjYbyp5g2tj0JNL1XzvtyzaGma04KtNuvX2vU8ucISquvpapdF1bXJL5/fBNZqgfWTWh+xlbKk9PqRCqesbaU5fpyAaWOd68eJt1kD3sTHOX5Oia3r5Zz5MP4xBNaagfUTW3/56z//7e9//6ep0XW9fjbwjxbelGsHH7n1eQ5Oj67PMpUu1N595Nbp/Tw17+81tnWxqyaw1g+sdnj95a9//es/f/nb3b97P306Ho9Ns3qTaD4cj18FaI8VHmVav1B7F68zNZadwNo2sOL+cetmAfsksAQWVENgCSyohsASWFANgSWwoBoCS2BBNQSWwIJqCCyBBdUQWAILqiGwBBZUQ2AJLKiGwBJYUA2BJbCgGgJLYEE1BJbAgmoILIEF1RBYAguqIbAEFlRDYAksqIbAElhQDYElsKAaAktgQTUElsCCaggsgQXVEFgCC6ohsAQWVENgCSyohsASWFANgSWwoBoCS2BBNQSWwIJqCCyBBdUQWAILqiGwBBZUQ2AJLKiGwBJYUA2BJbCgGgJLYEE1BJbAgmoILIEF1RBYAguqIbAEFlRDYAksqIbAElhQDYElsKAaAktgQTUElsCCaggsgQXVEFgCC6ohsAQWVENgCSyohsASWFANgSWwoBoCS2BBNQSWwIJqCCyBBdUQWAILqiGwBBZUQ2AJLKiGwBJYUA2BJbCgGgJLYEE1BJbAgmoILIEF1RBYAguqIbAEFlRDYAksqIbAElhQDYElsKAaAktgQTX+jMD6H/P7n/7n/6WY//V/+9+BmD8isIA/iMACqiGwgGoILKAaAguohsACqiGwgGoILKAaAguohsACqiGwgGoILKAaAguohsACqiGwgGoILKAaAguohsACqiGwgGoILKAaAguohsACqiGwgGoIrJd2ibter0veFpj55503/LhO+7Peh8x4aewzr8MvzXpf8EfX8+10PB6bTx//ezqdz8+LxAwC66U1b4Oa4+k89La3Z47hX1+e/vmH2Fl+6v/Z8OndDG/ryce0nB9/e+q8dBt+6cmLX663eG03p/PTUjGVwHppI4H1fS7FA2KlwIr82W3KrpQPrH45ngXWNZK+j3oe3i3mEVgv7UlgDSXEOoF1jvxZM2VXVgis5jL8YiywntVBo5OVh8B6ac8DK3oqrRNY0T7JZcKurBBYvWoZD6zb2zMSKw+B9dImBFasU7NOYEX/7jZhV9YIrG61jAbWlBoY7jsyg8B6aVMCK5IRqwTWOfp3zYRdWSWwOi+PBtakaj4fSCewXtqkM6k3X7NOYA3MUl+e78o6gdUO8rHAGptvD6p5mybwYgTWS5sUWP0u1iqBNVC22/NdWSmwWkE+FljTavl52XhOYL20aadS77t/jcAKR4TN0Kbju7JSYLUmykcCqz22bW6f63I/Xc7trpclpBkIrJcWnOW3YD34+dSMnkrhS/Gl8uFftxasH4MTe3QJe3gyX8YK09+VtQIrTPKRwAr3pDO8vgbV8WYxVgYC66UFZ3knB1pnZ/dUCl6a+4mnqSdoULTTITyvz0//frXACv5kJLDC8O+m7TV4bajvyAwC66UNB1arX7BBYIXjqHMrKwbO600C67EPI4E1WvZm7EVmE1gvbSSwxr77VwisMC+vrcIMXE3bJrDu/b1pgdXf5aDvKLAyEFgvbSSwwlOpmxErBFZQslO7MAOTWBsF1u+k1HBgtfuKI7UssDIQWC9tt4HVPcufjwk3CqzfS4XTAiuyPPbBVcIMBNZLGwuscFDWeSlMk4ixM29iYJ06Z/nzMeFWgfWTn8OBdZvz8SQSWC9tLLDCE63z0tu408gnTgyspru1p2PCzQLrez+mBVa5I8k3gfXSRs7ysZ5B8cDqz/s8HRNuF1hfOyKw9kFgvbS9Btap99nh2tHomHDVwAr7e98T78OBFR9aXyPKHOM/i8B6aWOBNTJZXDywmv7Gno0JVw2sU/vnRs11dmA1bz1+/ZyBwHppOw2s2EqA25MPWDewejfHElj7ILBe2k4D6xT56GdjwpUDq5NYJ4G1DwLrpY0F1oZzWE1kW+HChtiYcO3AunbmsQbfF590F1hlCKyXFpw2o8sa1g2ssG93u09Jn8Y/Ye3AOlwjmSOwtiawXtrUwOq8FAZKxNjNfqcE1vM7dEbO7dUDq93nmxZYj48XWGUIrJc2FljTVrrP/cQpgRU5mbsuY29a60Gq8bvOC6wtCayXtsvAGsiBlv57NwisgaWknfeFVwselSywyhBYL20ssILX1r29zJRnNvRP7i0CqzPxPiewfu+0GuyswMpAYL20kcC6DJ+ChQMr0vnoG8vX1QIrPvHeeV841TXaMRRYGQislzYSWGN3Gy8aWJOeWdF/8yaBFZ14H7lFci+TJtyZkDkE1ksbDKz2YKd72a9oYC18it82gRWbcOu+byT6W9UssDIQWC8tOMtPge7UzEgCnOIGP/F5YDVvk1yG3zazuK0/nxtYkYn30bs8hDt97f6+h2QC66VNC4de/Dx9x/C59zSwWj/B6Rg68zu7MhJYMWmB1e8Rdt/XHjY2x9PXYrVT51FqAisLgfXSpgVWbyFoycBqPY+w89rYTbE2C6zepcJevh/fJhFYGQislzYpsPonUsnACovUfW3sgaqbBVZv4r0XWKMLyx5pJrAyEFgvbVJg9VeVFwyssdUU7WjovH27wOpe1+xP4I11sR4fKLAyEFgvbUpgRSbQCwZWOCIcfShWd0y4YWB1bzXTK/Z17NMFVk4C66VNCKxYrBQMrLBE/Vdvw5+xZWC1EyuS8JfBir4IrKwE1kt7GlhN9Ak1BQNr/MRvdVXaHbBNA6s18R5b03EdWF12OgisrATWS3sSWM3AjWLKBdb4Y5LHxoSbBlbrNzrxRWjn2ETW6SCw8hJYL+3YxB2Px9tt+HmozTPDT12/Pf7o9qRAsVXpp8EPOQ6/8UlhW39+efx7N3jOwy99JtbIiz9/cju2viCa27X1Ro+qz0BgQT7X6+ejsT8Xjl48mb4EgQVUQ2AB1RBYQDUEFlANgQVUQ2AB1RBYQDUEFlANgQVUQ2AB1RBYQDUEFlANgQVUQ2AB1RBYQDUEFlANgQVUQ2AB1RBYQDUEFlANgQVUQ2AB1RBYQDUEFlANgQVUQ2AB1RBYQDUEFlCNHQfW/wHQst/AAhgjsIBqCCygGgILqIbAAqohsIBqCCygGgILqIbAAqohsIBqCCygGgILqMbmgfV/Aky0dWABAAAAAAAAAAAAAAAAAAAAAAAAAAAAAAAAAAAAAAAAAAAAAAAAAAAAAAAAAAAAAAAAAAAAAAAAAAAAAAAAAAAAAAAAAAAAAAAAAAAAAAAAAAAAAAAAAAAAAAAAAAAAAAAAAAAAAAAAAAAAAAAAAAAAAAAAwETXy4/VNnp/8Vp0f4psfTdW2ssnraNI42GJyznmBU+D29uPEhttRj8xezM/n5q3t2Jb35Pz714Wbo/H8dbx+/Jp6/rg+Dbk+FpnwusE1rV9zF7rMHUILNqGA+sjsl6pm/U6gdU5ZAIrA4FVi7HAemteKLFeJrCunYMksDIQWLUYDay389bFy+dlAuvWOUYCKwOBVYvxwDpuXbx8Ngis5kfek+1xxEpsfWdWC6zfYzXwssDai/HAKt1OVrR+YBXygl8mw9YKrCcE1m4IrBwb3SKwXmi4Pkxg0XYPrNv17tJ0J0iul9vx2PwORI6n9rzJ9Xb76FL/DFJOnRc/Xj39vPXznSOn2eX0tZGPP/psnZfbt8v3B3y7fpXl/Pl/uxv/3voltr3j+RoLrK9ix9/aLVl772/3Pw0D6/z9cd+fdghLfQh25/b1wvG7YLfwNByvxXtJ7vtxetRPrJ4fmx6svI74gWrV/aMUjz0bqcjwz74/+XLfXNAQbsGh/jhqX4vMPrb0uQu9wIq3xGtrE/3ab1dzr1C9PbofzY9j9LkksR9Y98qKHKxHfTxt88z1CKzgHy+dwOrO834ch8efX08jLx7OTffFU/zLsrW66Hg9nIJyXR7Fud6CPs2lu/GPJnWNbe8jjruBden1LZuByOrv/X0PH4EVftzPtNIl/MT7mdf+y3tNjdfiXe+v3m4DhWzui1J+/+V8r7xYL3PoQF07HxQ2mma8Iu9vvd5373T4/ZjHiPb+Z5dDp8d/u3YDa6Al3qv6kSi//9Tt/AZH5XIvVPfrrNWwPnanG1i3aCmGGtbHq68zUtlaNLDurep73BEdNg4eu68jdO1uPnwx9o1zbTobiAfW/f999WlGPrqzuvKjP9JuktFiR3se8UHzrbWVprPW4KsMA4EVXfZ5iX1GZKA5EFjXaD3/7M79WF5HroVFN3AJ20IwZxZ+9khFPgIrCJT7HtzP4d+qafrFOHUCa7Al9gv5W67uMX0clTDl2q2jezTO7cCK1/Z15Ei+1AKhbT0JrM8me4oegp85lPjx+T3XbvEXI0ev+5eneGCFHzD60b1Pvu/F18vn+HsjiTXwl99Jcw+sW2Q78cDqbO+7tNf4Z/SnTAYCa2Am8vsQ3f/r8VdPqz84UP2ECTq8Qwfh1tqrxx+dHm84dz/7GCnGvcjX+N7/bqlfyN93drvNkbbUC6ymWw/N4y8Ha/unyceL+GdcIlnDk8D6PP4Dh+D7AA28+N1OBlpz5Oj1z9jfgrV7/OGnDzTfr48eSIB7kxzdp0O0KmL7cBvbTjywutu7tI5C7MVQPLAGi3EN9zV4b3ezQwfqFL7WS5jmSUXeD8Ix3GATbLt1LG7DrekniIY/rFfI+2cP7uqjOrqBNdx4Tq1DOefF114ut6J4YIUte/AQXMde/DqfhyKlf/QGt9MOrCZspM2Ud/SNfly/WQ395dcpOZQUX3UTD6yu81hpe12seGAN1cT3QR2og/HNBjv5u/V7YZrH1kd3K3Lin/prNINoGfmaGW1s134hh6awYnXdDazBo/q99aFvl2a0yccvdDDX+KT75zG4H77mfLleL4/J2c+Tu3kcrtOH4Fgewle7b+0dveE2MhA/TXAi3i6fW78FL41sr1Ow21fB7uXu9f2uwadce7s/+DGXw9TA+ty/U/Ahl+vlcv/v3ukWDazHtptj+yh8vX+gDkLd+mjt5O9nHrtVcgnKE6vIeGANzaM3o0etFViRlngc2GqvpU0IrOZtyKlVnz/trlVZjwq4fLWXW+utJLtX8On3lj+Xc3D+HPrrAe7N8PNLtPWX4Yut+Y1eUz8OF+N6PVwvwe1TeoHVfF9vbpcj3EZr8rb5vDh+uXSS9C3406+CNZ1/uLuE5fh0P2vagfX5OdfHx7T6Ta23fZ5th+u11ZCP4TYP4axud7bv/FjWcLxfyH/8U7eMrZ19VF43sO5V2XT/4XYYTZj23EG3Iq/9Tz71azSIluC78XoIq/N7+2MtsXVYDsNTWLG21A2s+8vHy+dBDa6fnsLqOHa3eItUyL0gJrHyGP/x8+dfdL9gwzmHXiQ9jnzYiM7dT+vlQvPY5pfHRcN2YAVXGMOp39ZHtwLr3C3X2yF2Ffw0VLBeYLU+ttWrO3SmUgYC62cHwyI07deCjktk5qNXqSMzzl/vj1Ve2zksTGsDsUmscHax98ZbUJZr/JN/9/bY3p+wv9Y/auH0/2hLbF+g7E9KPtpSeP+kMLB68f04PqfwTy/dYhwPkR8l9gpNkrHA+r6sfT59u7e5oGn0W3rYcB7h9bskdTCwemfhLdhOe4h6/6Sfct1XXoWN7i34/9+a4F/uxb6vlg3Ps5ZH6/1JrMvxx7VbyvBThgOr2x88BaU99ooTiZj+S/3VCq339+ui61G47oE6hjt16h3/x9Hulfwy2KFu52s4O97fkSb8215LbB4l6cTgb8H6A7FLtFBh2+l/nbW+XR5fJr/7HH50MGL52fJPczGHlcdIYA2NuoNm0j+xwsA6DW+7u82gmfe30+/mRMUC65Fw4bKGJ3Ml0ZJ9bux0O18HP7JVN8OB1R0qnEbnmicFVvtcbZUr7AUNV95wfbSunXxvP0yY4WslrcBq70W7xxYdYPaPWnQd0+/f33p/OTiFFbno2T2Qkdb2+0Gt8XtPZ/L0yc8nWGSw+sPFudfz7XS8C45nP7Cup8fX4ILAuvb+pRVY3fP380cQd2FzD9vQt4mB9XQhQdP61Ut3f8JTaGDhaGe744EVCZl+XYSn07dz+P6hynt4Elj3HWllwfEwGljn1kr3llZ5w2j5faHp78jvHNlQS+y0kd+X+vt6iRYqPJCtymufJc8Dq3sse79jI81ID+v3tx3XgeCJBlZoJLC6X5j9f482xvaxHzrPDrHACpvknMDqLMH/3uqts9H7x0RXj32+MBZYI2sw1gms4QN1bH1AKwta8/F9I4HVGm+GFf/7OUOBNdIS27UwPIXVPirR1tGfem0FVvM2aKBRDv0ajQVGJ92/1ys3w6/2ZklbCgfWYNFj86atJjlSsP7X4dgPMfYRWG+PTf1ozS2OHqMnB+rYLWt7ReaywApTqBUtTe+otQJrsCfaWu1/DKo+Un2lAyv6bdiYwcrlcf3/d2DVBEek9dOMSDPZsoc1fJofcvawPpwjkdX0JmBa1flagXUO/qu1y8sCKxy9hQPMZ4E1vigz/NPhKazygXW43iJ/YhlWJrGFo4/fqn82o7GTKRJYwYPkFgTWpfcvg4E1vPVD5sD6nDrp30whvEqYFlh7n8Nqzfu0smBZYIVXCcIKi0y6twJrvJbCGByewkoPrJExyb25XG69v3KPmTyiK90fZ+d15Gwav0p4CgeM165uMZrudlpLF6OB1QwW7DA5sJ4X7OEjtNr3PjlkD6xmSnH6Z8BvTTyuEi4NrKHPDw7Po2UcYssawncOBlZwRa/1J/dD2t+R61hH9NYq5GlsCmtCYEWuEkYD6zp6tK6d9rLmPR5fWTSwHl+c1+D/n263r6esNo939C+ohP8y4ykMvXMufgUo3NCjKfyUK7wO2G/60cCaO7UQrDPqj4/CYi8LrEmLC3//uP/9H1nWcD7MCqyhA/UobDsLxtebDAbW43i2N9f03hAGVtgSz92WeAhj8DpSqhmB9eixxgNrQnsJZhNcLMziSWCdIx3koJn0V+GFf95/623gNpCtn2BdLufg1xBPA6u/yP4Qa/rhosT+eXYeKljT/cvWfH6ewOr3B+83wIycFL1Kjfx+oHUxpP+Grn79du4L+vsHx87sUP/ufmFFDgbWo1bbm+v9PqG1cL7/7dg+OI+9+H1XLCNmBNbjC+D3X+Ir3YPK6h3ma+tHC//Xw+eL/779n8HL/+ZA3ILACt4RDGa62zvHjny/KfwYnpAaCqz+uRL2sII7P3+/2PppzsiPL4bqp7+IMOyqJQZW97eEo1df+y/1OoyPYfz1MCWw+l287j/87vT9kum1/Xe9Cmj9NKcXWPc+4bFVtsdPqa/dhng9jLfEsJC3kSmsCYHV+4FssHw9/NPfDlh4haO/9Vap/8N90//352v//v6f/8/X3/6/9/8WWEOmB9bP8bm23nH/w+brPgNBD7j1W7Jb5629ayYTby8z1sN6THEcWgF4bN9FItYkg/U9Q/Vzv39y62NyB1b35spvk3pYj18unc6fRyG4ShV/Q9fzA3UvbWeHu82nVTvDgdU73L1/7h616+FJSzxE1vjG9nVCYD2q7/hZjMd/tn9a+fMDyVZl9fvurV6jwEr2NLCCH4t+HLzw6kf7xiixJhg+Qi9YiR67yNt03t6En/JkDuuzXGGzOoxevjq0iv2sYMH9GFqLq7MOCS+t4nTTtSM8Ab49ueFc/w3DrWCoPrr12V052yt56/YyvcDqzp838X8OmkFr0j3WEkcKGf/o+GFut45YfQa1/bnPwavhhdHfZUKPVz/brsBK9jSwRq8SDl+5Gb/q3T93ulfWz9FPucRK3vP5au8fWz+sHS92aPjSVDg8SAys69hndEXqcLAqLgNvmLyX54E/+D0QoyUfDqzu99Mt/s8fLwSbGG+JI4WM72q8+cWb7e/Lp/DI9VxHW+XnqwIr2dPA6jeiJnzH0BKe759SDBy+SF+9s57+9HwdVv/JJWGj6w0P2g11qNFdn5QrcD5kC6zBZI9lTOS1oVP5OPSG3l4OnWf3v2hXQ2S1SKQiRwKrU/+Xoa21fvnX+5DfQt2eFDI0IbD63f1WYA01ifFbJH+9KrCSPQ+sXt+n1UwGjl73QU/x9hlqnTO3CQtHez8zbd+Xu1Ouc7uhDhQ7ck4PtcDWPd1TA2vgvI8uc4iVNV7IZvgNvdp/dqDaCRM85C1eke2HUPQDq90ZekRLZ2vH1jqtbiXd5+pu0ULGF5dPCazuB11agTVU29eR+vipSoGV7Hlgdb59T52LydfIufZ4wl/sq3vo+X9fj8j8vMnv15kVliv+W8JbZ6udRzW1Ws6t21CjxY6e0vHmeWwVITmwookVX5YVHJqH2HlyGntDV/Q33kF1txMm7N3FSt59zFf/81ofdxwoxrG9TrXTmI69NSeXSCF6rax7INrVHzsal0M7sEYrK/4D7Z9XBVayz98Ofml9Yf/+Y/P93OWg4m+Pt9wvord/h9C071V2DafDe68OC5vdJSxOsOljq1z3Uvc++PMOH5f2q8+KHX5M73c59wdj3n62+VjvGtRm6xN7H//71tP9U47xz+gaqItzp54fb48d4dhujh+oJtBO0k5FPn7pe/39+6ElluGj3B5tLzxqh1a1hb/Si7XEdsuJf2bvQLSOxu+/Xh5XHj5vtXDrfFC3STThg6yvp8639KMq/8P/9+s7sO7/+RNY9/8WWGmul6+VxZdnf3C+REd7o69+uXRvJjnhtnNBuS5jLw//3iYo2JNly/e//PjbcvcKuX/Iss947M7CIk44UM+qZ85HD/44+jJ81J62xH6vd6GvUozszvUyXFlhc7HC/RXdn/57f9L8pMCiRj8n8+2YKVq+XH8C4qThUN5jUfztfAkbs1+5v56mPWLKEy29qUY9G8oZXu4ksF5ON7CybLQbWO6OQEnNUGBtXTCy6xzrPGO3ScvcIZOhBYi+KF9PO7CaPBcxztoNaxroYrl9/+tpH+pMc03nEikIg2K/DjmaOX1BYWBlewhWK7A8WovyLrfwPgGfjy31NfmSfh9debtlvKJyfxD4zdNLWc/1er1cxm+uDgAAAAAAAAAAAAAAAAAAAAAAAAAAAAAAAAAAAAAAAAAAAAAAAAAAAAAAAAAAAAAAAAAAAAAAAAAAAAAAAAAAAAAAAAAAAAAAAAAAAAAAAAAAAAAAAAAAAAAAAAAAAAAAAAAAAAAAAAAAAAAAAAAAAAAAAAAAAAAAAAAAAAAAAAAAAAAAAAAAAAAAAAAAAAAAAAAAAAAAAAAAAAAAAAAAAAAAAAAAAAAAAAAAAAAAAAAAAAAAAAAAAAAAAAAAAAAAAAAAAAAAAAAAAAAAAAAAAAAAAAAAAAAAAAAAAAAAAAAAAAAAAAAAAAAAAAAAAAAAAAAAAAAAAAAAAAAAAAAAAAAAAAAAAAAAAAAAAAAAAAAAAAAAAAAAAAAAAAAAAAAAAAAAAAAAAAAAAAAAAAAAAAAAAOzV/w/kFS1RtUMfIAAAAABJRU5ErkJggg==",,,2026-03-17 02:01:46.040722
237,Rooted Nutrition and Lactation,Healthcare,Pediatrics,"Virtual and in-home lactation and nutrition practice serving mothers across the Triangle, offering support with breastfeeding and infant feeding goals.",approved,False,service_area,,Serves the Triangle area,9192000744,www.rootednl.com,https:/instagram.com/rootednl,,,,"[""Arabic-speaking"", ""Women-owned"", ""Telehealth available""]","[""lactation"", ""breastfeeding"", ""doula"", ""nutrition""]",,,,,,2026-03-17 02:01:47.867249
250,Java Rose Photography,Events,Photography,"Women-owned wedding and portrait photography business serving the Triangle and beyond, led by photographer Apsari with a focus on capturing authentic, personal moments.",approved,False,service_area,,Serves the Triangle area,(919) 584-5282,http://www.javarosephotography.com/,https://www.instagram.com/javarosephotography/,,,,"[""Women-owned"", ""Photography""]","[""photographer"", ""wedding photography"", ""portrait"", ""photography""]",,,,,,2026-03-17 23:13:41.028092
253,Nayaab by Mahwish ,Retail,,"Online modest clothing and jewelry boutique offering a curated selection of women's fashion for those seeking stylish, faith-conscious options.",approved,False,virtual,,,9705810535,https://www.facebook.com/share/185AmJapBg/?mibextid=wwXIfr,,https://www.facebook.com/share/185AmJapBg/?mibextid=wwXIfr,,,"[""Women-owned""]","[""modest fashion"", ""Islamic clothing"", ""hijab"", ""abaya"", ""jewelry""]",,,,,,2026-03-18 00:47:35.924901
255,Carolina Total Wellness,Healthcare,Other,We practice functional medicine looking for the root cause of disease. We are trained in internal medicine as well as functional medicine. ,pending,False,physical,Carolinatotslwellness.,,,carolinatotalwellness.com,https://www.instagram.com/carolinatotalwellness?igsh=NHlyN3J4b3Vyb3N1,https://carolinatotalwellness.com/,,,"[""Women-owned""]",[],,,https://carolinatotalwellness.com/client_files/image/dr-didem-miraloglu-2023.jpg,,,2026-03-18 01:53:26.688656
259,Berry Crush,Retail,,"Handmade candle and home fragrance brand in Raleigh offering candles, home decor, and custom candle favors for weddings and events.",approved,False,physical,"North Hills, Raleigh, 27609",,9196213108,https://www.shopberrycrush.com,https://www.instagram.com/shopberrycrush?igsh=MWQ1Z3RoajRzZ3FsYg%3D%3D&utm_source=qr,,,,"[""Women-owned"", ""Urdu-speaking""]","[""candles"", ""home decor"", ""wedding favors"", ""gifts""]",,,https://www.canva.com/design/DAGoL3DvbFk/moJiHtGUkxddLN261e8AFA/view?utm_content=DAGoL3DvbFk&utm_campaign=designshare&utm_medium=link2&utm_source=uniquelinks&utlId=hbb2fe089a7,,,2026-03-18 16:10:16.107996
290,Barbara Abdalqader,Real Estate,,"Licensed REALTOR based in Cary offering buyer and seller representation across the Triangle, with a focus on personalized service and local market knowledge.",approved,False,physical,"2000 Regency Parkway, Cary, NC 27518",,9192257336,brokerbarbara.com,,,,,"[""Women-owned"", ""Buyer's agent"", ""Seller's agent""]","[""realtor"", ""real estate agent"", ""homes for sale"", ""buy house""]",Better Homes and Gardens,,,,,2026-03-21 00:33:06.657806
309,Iraha Postpartum Services,Services,,"Postpartum doula practice serving the Durham and Chapel Hill area, offering in-home support for new mothers during the postpartum recovery period.",approved,False,service_area,,Serves the Triangle area,6693317989,irahapostpartum.wordpress.com,,,,,"[""Women-owned""]","[""postpartum"", ""doula"", ""newborn care"", ""new mother""]",,,,,,2026-03-23 04:52:46.912824
405,"The Law Office of Neubia L. Harris, PLLC",Services,,"Raleigh practice focusing on education law and civil rights, representing students, families, and individuals in school discipline, special education, and civil rights matters.",approved,False,physical,"312 W. Millbrook Road, Ste. 141, Raleigh, NC 27609",,(919) 526-0500,https://www.neubiaharrislaw.com,,,,,"[""Legal services"", ""By appointment only""]","[""lawyer"", ""attorney"", ""legal"", ""education law"", ""civil rights""]",,Member of NC Muslim Bar,,,,2026-03-27 14:13:45.690579
